id,interrogator_id,human_witness_id,ai_witness_id,status,created_at,finished_at,verdict_at,last_updated,is_test
127146,134967,260343.0,260344,verdict,2026-01-13T18:46:59Z,2026-01-13T19:01:59Z,2026-01-13T19:03:04Z,2026-01-13T19:03:04Z,False
127148,134969,260347.0,260348,verdict,2026-01-13T18:47:50Z,2026-01-13T19:02:50Z,2026-01-13T19:03:58Z,2026-01-13T19:03:58Z,False
127150,134971,260351.0,260352,verdict,2026-01-13T18:48:41Z,2026-01-13T19:03:42Z,2026-01-13T19:04:27Z,2026-01-13T19:04:27Z,False
127152,134973,260355.0,260356,verdict,2026-01-13T18:49:21Z,2026-01-13T19:04:21Z,2026-01-13T19:05:22Z,2026-01-13T19:05:22Z,False
127154,134975,260359.0,260360,verdict,2026-01-13T18:49:50Z,2026-01-13T19:04:50Z,2026-01-13T19:05:28Z,2026-01-13T19:05:28Z,False
127155,134976,260361.0,260362,verdict,2026-01-13T18:49:59Z,2026-01-13T19:05:00Z,2026-01-13T19:05:48Z,2026-01-13T19:05:48Z,False
127159,134980,260369.0,260370,verdict,2026-01-13T18:54:03Z,2026-01-13T19:09:03Z,2026-01-13T19:09:34Z,2026-01-13T19:09:34Z,False
127176,134997,260403.0,260404,verdict,2026-01-13T19:04:34Z,2026-01-13T19:19:34Z,2026-01-13T19:20:02Z,2026-01-13T19:20:02Z,False
127178,134999,260407.0,260408,verdict,2026-01-13T19:04:42Z,2026-01-13T19:19:42Z,2026-01-13T19:19:57Z,2026-01-13T19:19:57Z,False
127180,135001,260411.0,260412,verdict,2026-01-13T19:05:38Z,2026-01-13T19:20:38Z,2026-01-13T19:21:09Z,2026-01-13T19:21:09Z,False
127186,135007,260423.0,260424,verdict,2026-01-13T19:09:39Z,2026-01-13T19:24:39Z,2026-01-13T19:25:09Z,2026-01-13T19:25:09Z,False
127187,135008,260425.0,260426,verdict,2026-01-13T19:09:43Z,2026-01-13T19:24:44Z,2026-01-13T19:25:11Z,2026-01-13T19:25:11Z,False
127192,135013,260435.0,260436,verdict,2026-01-13T19:20:11Z,2026-01-13T19:35:12Z,2026-01-13T19:36:00Z,2026-01-13T19:36:00Z,False
127194,135015,260439.0,260440,verdict,2026-01-13T19:20:20Z,2026-01-13T19:35:21Z,2026-01-13T19:35:41Z,2026-01-13T19:35:41Z,False
127198,135019,260447.0,260448,verdict,2026-01-13T19:21:32Z,2026-01-13T19:36:34Z,2026-01-13T19:38:36Z,2026-01-13T19:38:36Z,False
127200,135021,260451.0,260452,verdict,2026-01-13T19:25:01Z,2026-01-13T19:40:01Z,2026-01-13T19:40:46Z,2026-01-13T19:40:46Z,False
127201,135022,260453.0,260454,verdict,2026-01-13T19:25:30Z,2026-01-13T19:40:30Z,2026-01-13T19:42:09Z,2026-01-13T19:42:09Z,False
127202,135023,260455.0,260456,verdict,2026-01-13T19:26:02Z,2026-01-13T19:41:02Z,2026-01-13T19:41:52Z,2026-01-13T19:41:52Z,False
127207,135028,260465.0,260466,verdict,2026-01-13T19:36:12Z,2026-01-13T19:51:12Z,2026-01-13T19:51:38Z,2026-01-13T19:51:38Z,False
127209,135030,260469.0,260470,verdict,2026-01-13T19:36:34Z,2026-01-13T19:51:34Z,2026-01-13T19:52:02Z,2026-01-13T19:52:02Z,False
127211,135032,260473.0,260474,verdict,2026-01-13T19:40:51Z,2026-01-13T19:55:51Z,2026-01-13T19:56:55Z,2026-01-13T19:56:55Z,False
127212,135033,260475.0,260476,verdict,2026-01-13T19:41:32Z,2026-01-13T19:56:32Z,2026-01-13T19:56:58Z,2026-01-13T19:56:58Z,False
127213,135034,260477.0,260478,verdict,2026-01-13T19:42:01Z,2026-01-13T19:57:01Z,2026-01-13T19:58:12Z,2026-01-13T19:58:12Z,False
127214,135035,260479.0,260480,verdict,2026-01-13T19:42:03Z,2026-01-13T19:57:03Z,2026-01-13T19:57:33Z,2026-01-13T19:57:33Z,False
127219,135040,260489.0,260490,verdict,2026-01-13T19:52:10Z,2026-01-13T20:07:10Z,2026-01-13T20:08:07Z,2026-01-13T20:08:07Z,False
127220,135041,260491.0,260492,verdict,2026-01-13T19:52:12Z,2026-01-13T20:07:12Z,2026-01-13T20:08:02Z,2026-01-13T20:08:02Z,False
127221,135042,260493.0,260494,verdict,2026-01-13T19:52:27Z,2026-01-13T20:07:27Z,2026-01-13T20:07:49Z,2026-01-13T20:07:49Z,False
127223,135044,260497.0,260498,verdict,2026-01-13T19:52:58Z,2026-01-13T20:07:58Z,2026-01-13T20:09:15Z,2026-01-13T20:09:15Z,False
127225,135046,260501.0,260502,verdict,2026-01-13T19:53:36Z,2026-01-13T20:08:37Z,2026-01-13T20:09:10Z,2026-01-13T20:09:10Z,False
127226,135047,260503.0,260504,verdict,2026-01-13T19:53:46Z,2026-01-13T20:08:46Z,2026-01-13T20:09:49Z,2026-01-13T20:09:49Z,False
127228,135049,260507.0,260508,verdict,2026-01-13T19:54:11Z,2026-01-13T20:09:11Z,2026-01-13T20:10:03Z,2026-01-13T20:10:03Z,False
127229,135050,260509.0,260510,verdict,2026-01-13T19:54:40Z,2026-01-13T20:09:41Z,2026-01-13T20:10:31Z,2026-01-13T20:10:31Z,False
127230,135051,260511.0,260512,verdict,2026-01-13T19:54:48Z,2026-01-13T20:09:49Z,2026-01-13T20:10:33Z,2026-01-13T20:10:33Z,False
127234,135055,260519.0,260520,verdict,2026-01-13T19:56:26Z,2026-01-13T20:11:27Z,2026-01-13T20:12:14Z,2026-01-13T20:12:14Z,False
127235,135056,260521.0,260522,verdict,2026-01-13T19:56:55Z,2026-01-13T20:11:55Z,2026-01-13T20:12:53Z,2026-01-13T20:12:53Z,False
127237,135058,260525.0,260526,verdict,2026-01-13T19:58:21Z,2026-01-13T20:13:21Z,2026-01-13T20:13:57Z,2026-01-13T20:13:57Z,False
127238,135059,260527.0,260528,verdict,2026-01-13T19:59:08Z,2026-01-13T20:14:09Z,2026-01-13T20:15:44Z,2026-01-13T20:15:44Z,False
127239,135060,260529.0,260530,verdict,2026-01-13T19:59:59Z,2026-01-13T20:14:59Z,2026-01-13T20:15:27Z,2026-01-13T20:15:27Z,False
127242,135063,260535.0,260536,verdict,2026-01-13T20:01:35Z,2026-01-13T20:16:35Z,2026-01-13T20:17:58Z,2026-01-13T20:17:58Z,False
127244,135065,260539.0,260540,verdict,2026-01-13T20:02:11Z,2026-01-13T20:17:11Z,2026-01-13T20:18:08Z,2026-01-13T20:18:08Z,False
127247,135068,260545.0,260546,verdict,2026-01-13T20:06:33Z,2026-01-13T20:21:34Z,2026-01-13T20:22:12Z,2026-01-13T20:22:12Z,False
127248,135069,260547.0,260548,verdict,2026-01-13T20:08:07Z,2026-01-13T20:23:07Z,2026-01-13T20:24:15Z,2026-01-13T20:24:15Z,False
127249,135070,260549.0,260550,verdict,2026-01-13T20:08:17Z,2026-01-13T20:23:17Z,2026-01-13T20:23:41Z,2026-01-13T20:23:41Z,False
127252,135073,260555.0,260556,verdict,2026-01-13T20:09:20Z,2026-01-13T20:24:20Z,2026-01-13T20:24:49Z,2026-01-13T20:24:49Z,False
127253,135074,260557.0,260558,verdict,2026-01-13T20:09:25Z,2026-01-13T20:24:25Z,2026-01-13T20:25:05Z,2026-01-13T20:25:05Z,False
127255,135076,260561.0,260562,verdict,2026-01-13T20:10:17Z,2026-01-13T20:25:17Z,2026-01-13T20:26:17Z,2026-01-13T20:26:17Z,False
127257,135078,260565.0,260566,verdict,2026-01-13T20:10:49Z,2026-01-13T20:25:49Z,2026-01-13T20:26:47Z,2026-01-13T20:26:47Z,False
127258,135079,260567.0,260568,verdict,2026-01-13T20:11:45Z,2026-01-13T20:26:45Z,2026-01-13T20:27:32Z,2026-01-13T20:27:32Z,False
127264,135085,260579.0,260580,verdict,2026-01-13T20:13:11Z,2026-01-13T20:28:11Z,2026-01-13T20:31:04Z,2026-01-13T20:31:04Z,False
127266,135087,260583.0,260584,verdict,2026-01-13T20:14:07Z,2026-01-13T20:29:08Z,2026-01-13T20:30:28Z,2026-01-13T20:30:28Z,False
127268,135089,260587.0,260588,verdict,2026-01-13T20:14:55Z,2026-01-13T20:29:57Z,2026-01-13T20:30:16Z,2026-01-13T20:30:16Z,False
127269,135090,260589.0,260590,verdict,2026-01-13T20:15:14Z,2026-01-13T20:30:15Z,2026-01-13T20:31:08Z,2026-01-13T20:31:08Z,False
127271,135092,260593.0,260594,verdict,2026-01-13T20:16:54Z,2026-01-13T20:31:54Z,2026-01-13T20:32:52Z,2026-01-13T20:32:52Z,False
127272,135093,260595.0,260596,verdict,2026-01-13T20:17:24Z,2026-01-13T20:32:24Z,2026-01-13T20:33:10Z,2026-01-13T20:33:10Z,False
127273,135094,260597.0,260598,verdict,2026-01-13T20:18:27Z,2026-01-13T20:33:28Z,2026-01-13T20:34:27Z,2026-01-13T20:34:27Z,False
127274,135095,260599.0,260600,verdict,2026-01-13T20:18:47Z,2026-01-13T20:33:47Z,2026-01-13T20:34:08Z,2026-01-13T20:34:08Z,False
127278,135099,260607.0,260608,verdict,2026-01-13T20:21:34Z,2026-01-13T20:36:34Z,2026-01-13T20:36:55Z,2026-01-13T20:36:55Z,False
127281,135102,260613.0,260614,verdict,2026-01-13T20:23:57Z,2026-01-13T20:38:57Z,2026-01-13T20:39:51Z,2026-01-13T20:39:51Z,False
127282,135103,260615.0,260616,verdict,2026-01-13T20:24:18Z,2026-01-13T20:39:18Z,2026-01-13T20:40:00Z,2026-01-13T20:40:00Z,False
127283,135104,260617.0,260618,verdict,2026-01-13T20:24:25Z,2026-01-13T20:39:26Z,2026-01-13T20:40:15Z,2026-01-13T20:40:15Z,False
127286,135107,260623.0,260624,verdict,2026-01-13T20:25:22Z,2026-01-13T20:40:23Z,2026-01-13T20:41:01Z,2026-01-13T20:41:01Z,False
127287,135108,260625.0,260626,verdict,2026-01-13T20:25:48Z,2026-01-13T20:40:49Z,2026-01-13T20:41:38Z,2026-01-13T20:41:38Z,False
127289,135110,260629.0,260630,verdict,2026-01-13T20:26:41Z,2026-01-13T20:41:42Z,2026-01-13T20:42:59Z,2026-01-13T20:42:59Z,False
127291,135112,260633.0,260634,verdict,2026-01-13T20:27:32Z,2026-01-13T20:42:33Z,2026-01-13T20:43:29Z,2026-01-13T20:43:29Z,False
127293,135114,260637.0,260638,verdict,2026-01-13T20:27:58Z,2026-01-13T20:42:59Z,2026-01-13T20:43:17Z,2026-01-13T20:43:17Z,False
127298,135119,260647.0,260648,verdict,2026-01-13T20:30:27Z,2026-01-13T20:45:28Z,2026-01-13T20:46:43Z,2026-01-13T20:46:43Z,False
127299,135120,260649.0,260650,verdict,2026-01-13T20:30:41Z,2026-01-13T20:45:41Z,2026-01-13T20:46:11Z,2026-01-13T20:46:11Z,False
127300,135121,260651.0,260652,verdict,2026-01-13T20:31:11Z,2026-01-13T20:46:11Z,2026-01-13T20:47:38Z,2026-01-13T20:47:38Z,False
127301,135122,260653.0,260654,verdict,2026-01-13T20:33:04Z,2026-01-13T20:48:05Z,2026-01-13T20:48:48Z,2026-01-13T20:48:48Z,False
127302,135123,260655.0,260656,verdict,2026-01-13T20:33:18Z,2026-01-13T20:48:18Z,2026-01-13T20:49:11Z,2026-01-13T20:49:11Z,False
127303,135124,260657.0,260658,verdict,2026-01-13T20:34:19Z,2026-01-13T20:49:19Z,2026-01-13T20:49:59Z,2026-01-13T20:49:59Z,False
127304,135125,260659.0,260660,verdict,2026-01-13T20:34:40Z,2026-01-13T20:49:40Z,2026-01-13T20:50:40Z,2026-01-13T20:50:40Z,False
127305,135126,260661.0,260662,verdict,2026-01-13T20:34:44Z,2026-01-13T20:49:44Z,2026-01-13T20:50:15Z,2026-01-13T20:50:15Z,False
127312,135133,260675.0,260676,verdict,2026-01-13T20:39:51Z,2026-01-13T20:54:51Z,2026-01-13T20:55:14Z,2026-01-13T20:55:14Z,False
127313,135134,260677.0,260678,verdict,2026-01-13T20:40:20Z,2026-01-13T20:55:20Z,2026-01-13T20:55:45Z,2026-01-13T20:55:45Z,False
127314,135135,260679.0,260680,verdict,2026-01-13T20:41:12Z,2026-01-13T20:56:13Z,2026-01-13T20:57:01Z,2026-01-13T20:57:01Z,False
127315,135136,260681.0,260682,verdict,2026-01-13T20:41:16Z,2026-01-13T20:56:16Z,2026-01-13T20:56:37Z,2026-01-13T20:56:37Z,False
127318,135139,260687.0,260688,verdict,2026-01-13T20:41:56Z,2026-01-13T20:56:56Z,2026-01-13T20:57:12Z,2026-01-13T20:57:12Z,False
127320,135141,260691.0,260692,verdict,2026-01-13T20:42:30Z,2026-01-13T20:57:31Z,2026-01-13T20:59:12Z,2026-01-13T20:59:12Z,False
127322,135143,260695.0,260696,verdict,2026-01-13T20:43:08Z,2026-01-13T20:58:08Z,2026-01-13T20:59:25Z,2026-01-13T20:59:25Z,False
127323,135144,260697.0,260698,verdict,2026-01-13T20:43:20Z,2026-01-13T20:58:23Z,2026-01-13T20:58:58Z,2026-01-13T20:58:58Z,False
127327,135148,260705.0,260706,verdict,2026-01-13T20:44:59Z,2026-01-13T20:59:59Z,2026-01-13T21:00:50Z,2026-01-13T21:00:50Z,False
127328,135149,260707.0,260708,verdict,2026-01-13T20:46:23Z,2026-01-13T21:01:23Z,2026-01-13T21:01:55Z,2026-01-13T21:01:55Z,False
127331,135152,260713.0,260714,verdict,2026-01-13T20:48:54Z,2026-01-13T21:03:54Z,2026-01-13T21:05:25Z,2026-01-13T21:05:25Z,False
127332,135153,260715.0,260716,verdict,2026-01-13T20:48:59Z,2026-01-13T21:03:59Z,2026-01-13T21:04:25Z,2026-01-13T21:04:25Z,False
127333,135154,260717.0,260718,verdict,2026-01-13T20:49:08Z,2026-01-13T21:04:08Z,2026-01-13T21:05:55Z,2026-01-13T21:05:55Z,False
127335,135156,260721.0,260722,verdict,2026-01-13T20:50:27Z,2026-01-13T21:05:27Z,2026-01-13T21:06:54Z,2026-01-13T21:06:54Z,False
127339,135160,260729.0,260730,verdict,2026-01-13T20:51:41Z,2026-01-13T21:06:41Z,2026-01-13T21:07:11Z,2026-01-13T21:07:11Z,False
127340,135161,260731.0,260732,verdict,2026-01-13T20:52:36Z,2026-01-13T21:07:37Z,2026-01-13T21:08:00Z,2026-01-13T21:08:00Z,False
127342,135163,260735.0,260736,verdict,2026-01-13T20:55:21Z,2026-01-13T21:10:21Z,2026-01-13T21:11:27Z,2026-01-13T21:11:27Z,False
127343,135164,260737.0,260738,verdict,2026-01-13T20:56:29Z,2026-01-13T21:11:29Z,2026-01-13T21:12:14Z,2026-01-13T21:12:14Z,False
127344,135165,260739.0,260740,verdict,2026-01-13T20:56:34Z,2026-01-13T21:11:34Z,2026-01-13T21:12:08Z,2026-01-13T21:12:08Z,False
127346,135167,260743.0,260744,verdict,2026-01-13T20:56:46Z,2026-01-13T21:11:47Z,2026-01-13T21:12:03Z,2026-01-13T21:12:03Z,False
127348,135169,260747.0,260748,verdict,2026-01-13T20:59:12Z,2026-01-13T21:14:12Z,2026-01-13T21:15:25Z,2026-01-13T21:15:25Z,False
127350,135171,260751.0,260752,verdict,2026-01-13T21:01:01Z,2026-01-13T21:16:01Z,2026-01-13T21:16:32Z,2026-01-13T21:16:32Z,False
127353,135174,260757.0,260758,verdict,2026-01-13T21:04:33Z,2026-01-13T21:19:33Z,2026-01-13T21:19:46Z,2026-01-13T21:19:46Z,False
127356,135177,260763.0,260764,verdict,2026-01-13T21:15:25Z,2026-01-13T21:30:26Z,2026-01-13T21:30:48Z,2026-01-13T21:30:48Z,False
127357,135178,260765.0,260766,verdict,2026-01-13T21:19:54Z,2026-01-13T21:34:54Z,2026-01-13T21:35:29Z,2026-01-13T21:35:29Z,False
127358,135179,260767.0,260768,verdict,2026-01-13T21:20:14Z,2026-01-13T21:35:14Z,2026-01-13T21:35:33Z,2026-01-13T21:35:33Z,False
127359,135180,260769.0,260770,verdict,2026-01-13T21:20:26Z,2026-01-13T21:35:27Z,2026-01-13T21:35:50Z,2026-01-13T21:35:50Z,False
127361,135182,260773.0,260774,verdict,2026-01-13T21:27:47Z,2026-01-13T21:42:48Z,2026-01-13T21:43:50Z,2026-01-13T21:43:50Z,False
127362,135183,260775.0,260776,verdict,2026-01-13T21:29:05Z,2026-01-13T21:44:05Z,2026-01-13T21:44:52Z,2026-01-13T21:44:52Z,False
127364,135185,260779.0,260780,verdict,2026-01-13T21:30:22Z,2026-01-13T21:45:23Z,2026-01-13T21:46:32Z,2026-01-13T21:46:32Z,False
127365,135186,260781.0,260782,verdict,2026-01-13T21:30:26Z,2026-01-13T21:45:26Z,2026-01-13T21:46:56Z,2026-01-13T21:46:56Z,False
127366,135187,260783.0,260784,verdict,2026-01-13T21:30:50Z,2026-01-13T21:45:50Z,2026-01-13T21:47:42Z,2026-01-13T21:47:42Z,False
127367,135188,260785.0,260786,verdict,2026-01-13T21:31:10Z,2026-01-13T21:46:10Z,2026-01-13T22:02:19Z,2026-01-13T22:02:19Z,False
127369,135190,260789.0,260790,verdict,2026-01-13T21:31:33Z,2026-01-13T21:46:33Z,2026-01-13T21:48:10Z,2026-01-13T21:48:10Z,False
127371,135192,260793.0,260794,verdict,2026-01-13T21:33:10Z,2026-01-13T21:48:10Z,2026-01-13T21:52:35Z,2026-01-13T21:52:35Z,False
127373,135194,260797.0,260798,verdict,2026-01-13T21:33:31Z,2026-01-13T21:48:32Z,2026-01-13T21:49:42Z,2026-01-13T21:49:42Z,False
127374,135195,260799.0,260800,verdict,2026-01-13T21:33:55Z,2026-01-13T21:48:55Z,2026-01-13T21:49:42Z,2026-01-13T21:49:42Z,False
127377,135198,260805.0,260806,verdict,2026-01-13T21:35:27Z,2026-01-13T21:50:27Z,2026-01-13T21:51:44Z,2026-01-13T21:51:44Z,False
127378,135199,260807.0,260808,verdict,2026-01-13T21:35:46Z,2026-01-13T21:50:46Z,2026-01-13T21:50:59Z,2026-01-13T21:50:59Z,False
127381,135202,260813.0,260814,verdict,2026-01-13T21:36:52Z,2026-01-13T21:51:52Z,2026-01-13T21:53:31Z,2026-01-13T21:53:31Z,False
127382,135203,260815.0,260816,verdict,2026-01-13T21:37:22Z,2026-01-13T21:52:22Z,2026-01-13T21:53:16Z,2026-01-13T21:53:16Z,False
127385,135206,260821.0,260822,verdict,2026-01-13T21:43:40Z,2026-01-13T21:58:40Z,2026-01-13T21:59:18Z,2026-01-13T21:59:18Z,False
127386,135207,260823.0,260824,verdict,2026-01-13T21:45:01Z,2026-01-13T22:00:01Z,2026-01-13T22:00:49Z,2026-01-13T22:00:49Z,False
127389,135210,260829.0,260830,verdict,2026-01-13T21:46:44Z,2026-01-13T22:01:44Z,2026-01-13T22:02:18Z,2026-01-13T22:02:18Z,False
127391,135212,260833.0,260834,verdict,2026-01-13T21:47:54Z,2026-01-13T22:02:55Z,2026-01-13T22:03:41Z,2026-01-13T22:03:41Z,False
127392,135213,260835.0,260836,verdict,2026-01-13T21:48:12Z,2026-01-13T22:03:12Z,2026-01-13T22:03:44Z,2026-01-13T22:03:44Z,False
127393,135214,260837.0,260838,verdict,2026-01-13T21:48:29Z,2026-01-13T22:03:29Z,2026-01-13T22:04:25Z,2026-01-13T22:04:25Z,False
127394,135215,260839.0,260840,verdict,2026-01-13T21:49:18Z,2026-01-13T22:04:19Z,2026-01-13T22:05:19Z,2026-01-13T22:05:19Z,False
127395,135216,260841.0,260842,verdict,2026-01-13T21:49:52Z,2026-01-13T22:04:52Z,2026-01-13T22:06:08Z,2026-01-13T22:06:08Z,False
127396,135217,260843.0,260844,verdict,2026-01-13T21:49:56Z,2026-01-13T22:04:56Z,2026-01-13T22:05:25Z,2026-01-13T22:05:25Z,False
127397,135218,260845.0,260846,verdict,2026-01-13T21:51:05Z,2026-01-13T22:06:05Z,2026-01-13T22:07:13Z,2026-01-13T22:07:13Z,False
127398,135219,260847.0,260848,verdict,2026-01-13T21:51:38Z,2026-01-13T22:06:38Z,2026-01-13T22:07:33Z,2026-01-13T22:07:33Z,False
127400,135221,260851.0,260852,verdict,2026-01-13T21:52:50Z,2026-01-13T22:07:51Z,2026-01-13T22:08:40Z,2026-01-13T22:08:40Z,False
127402,135223,260855.0,260856,verdict,2026-01-13T21:53:22Z,2026-01-13T22:08:23Z,2026-01-13T22:09:10Z,2026-01-13T22:09:10Z,False
127403,135224,260857.0,260858,verdict,2026-01-13T21:53:38Z,2026-01-13T22:08:39Z,2026-01-13T22:09:21Z,2026-01-13T22:09:21Z,False
127404,135225,260859.0,260860,verdict,2026-01-13T21:55:56Z,2026-01-13T22:10:57Z,2026-01-13T22:12:01Z,2026-01-13T22:12:01Z,False
127405,135226,260861.0,260862,verdict,2026-01-13T21:56:39Z,2026-01-13T22:11:40Z,2026-01-13T22:12:00Z,2026-01-13T22:12:00Z,False
127407,135228,260865.0,260866,verdict,2026-01-13T21:59:26Z,2026-01-13T22:14:26Z,2026-01-13T22:15:57Z,2026-01-13T22:15:57Z,False
127409,135230,260869.0,260870,verdict,2026-01-13T22:01:00Z,2026-01-13T22:16:00Z,2026-01-13T22:16:48Z,2026-01-13T22:16:48Z,False
127410,135231,260871.0,260872,verdict,2026-01-13T22:01:36Z,2026-01-13T22:16:36Z,2026-01-13T22:17:07Z,2026-01-13T22:17:07Z,False
127413,135234,260877.0,260878,verdict,2026-01-13T22:02:29Z,2026-01-13T22:17:29Z,2026-01-13T22:17:42Z,2026-01-13T22:17:42Z,False
127414,135235,260879.0,260880,verdict,2026-01-13T22:02:49Z,2026-01-13T22:17:49Z,2026-01-13T22:19:16Z,2026-01-13T22:19:16Z,False
127415,135236,260881.0,260882,verdict,2026-01-13T22:03:55Z,2026-01-13T22:18:55Z,2026-01-13T22:20:26Z,2026-01-13T22:20:26Z,False
127416,135237,260883.0,260884,verdict,2026-01-13T22:03:59Z,2026-01-13T22:18:59Z,2026-01-13T22:23:12Z,2026-01-13T22:23:12Z,False
127417,135238,260885.0,260886,verdict,2026-01-13T22:05:17Z,2026-01-13T22:20:17Z,2026-01-13T22:21:10Z,2026-01-13T22:21:10Z,False
127418,135239,260887.0,260888,verdict,2026-01-13T22:05:29Z,2026-01-13T22:20:29Z,2026-01-13T22:21:22Z,2026-01-13T22:21:22Z,False
127419,135240,260889.0,260890,verdict,2026-01-13T22:05:40Z,2026-01-13T22:20:40Z,2026-01-13T22:21:23Z,2026-01-13T22:21:23Z,False
127420,135241,260891.0,260892,verdict,2026-01-13T22:06:16Z,2026-01-13T22:21:18Z,2026-01-13T22:22:05Z,2026-01-13T22:22:05Z,False
127422,135243,260895.0,260896,verdict,2026-01-13T22:07:41Z,2026-01-13T22:22:41Z,2026-01-13T22:23:49Z,2026-01-13T22:23:49Z,False
127423,135244,260897.0,260898,verdict,2026-01-13T22:09:17Z,2026-01-13T22:24:18Z,2026-01-13T22:25:37Z,2026-01-13T22:25:37Z,False
127424,135245,260899.0,260900,verdict,2026-01-13T22:09:26Z,2026-01-13T22:24:26Z,2026-01-13T22:24:57Z,2026-01-13T22:24:57Z,False
127425,135246,260901.0,260902,verdict,2026-01-13T22:11:42Z,2026-01-13T22:26:42Z,2026-01-13T22:27:24Z,2026-01-13T22:27:24Z,False
127426,135247,260903.0,260904,verdict,2026-01-13T22:12:07Z,2026-01-13T22:27:07Z,2026-01-13T22:28:29Z,2026-01-13T22:28:29Z,False
127429,135250,260909.0,260910,verdict,2026-01-13T22:15:16Z,2026-01-13T22:30:16Z,2026-01-13T22:30:58Z,2026-01-13T22:30:58Z,False
127430,135251,260911.0,260912,verdict,2026-01-13T22:16:08Z,2026-01-13T22:31:08Z,2026-01-13T22:31:30Z,2026-01-13T22:31:30Z,False
127431,135252,260913.0,260914,verdict,2026-01-13T22:16:50Z,2026-01-13T22:31:50Z,2026-01-13T22:32:20Z,2026-01-13T22:32:20Z,False
127432,135253,260915.0,260916,verdict,2026-01-13T22:17:15Z,2026-01-13T22:32:16Z,2026-01-13T22:32:42Z,2026-01-13T22:32:42Z,False
127434,135255,260919.0,260920,verdict,2026-01-13T22:18:36Z,2026-01-13T22:33:36Z,2026-01-13T22:34:09Z,2026-01-13T22:34:09Z,False
127435,135256,260921.0,260922,verdict,2026-01-13T22:19:24Z,2026-01-13T22:34:25Z,2026-01-13T22:35:02Z,2026-01-13T22:35:02Z,False
127436,135257,260923.0,260924,verdict,2026-01-13T22:21:08Z,2026-01-13T22:36:08Z,2026-01-13T22:37:06Z,2026-01-13T22:37:06Z,False
127437,135258,260925.0,260926,verdict,2026-01-13T22:21:19Z,2026-01-13T22:36:20Z,2026-01-13T22:38:10Z,2026-01-13T22:38:10Z,False
127438,135259,260927.0,260928,verdict,2026-01-13T22:21:25Z,2026-01-13T22:36:26Z,2026-01-13T22:36:53Z,2026-01-13T22:36:53Z,False
127439,135260,260929.0,260930,verdict,2026-01-13T22:21:35Z,2026-01-13T22:36:35Z,2026-01-13T22:37:37Z,2026-01-13T22:37:37Z,False
127441,135262,260933.0,260934,verdict,2026-01-13T22:23:43Z,2026-01-13T22:38:44Z,2026-01-13T22:42:57Z,2026-01-13T22:42:57Z,False
127442,135263,260935.0,260936,verdict,2026-01-13T22:23:58Z,2026-01-13T22:38:58Z,2026-01-13T22:39:53Z,2026-01-13T22:39:53Z,False
127443,135264,260937.0,260938,verdict,2026-01-13T22:25:10Z,2026-01-13T22:40:11Z,2026-01-13T22:41:47Z,2026-01-13T22:41:47Z,False
127444,135265,260939.0,260940,verdict,2026-01-13T22:27:30Z,2026-01-13T22:42:31Z,2026-01-13T22:43:34Z,2026-01-13T22:43:34Z,False
127445,135266,260941.0,260942,verdict,2026-01-13T22:27:34Z,2026-01-13T22:42:34Z,2026-01-13T22:44:00Z,2026-01-13T22:44:00Z,False
127447,135268,260945.0,260946,verdict,2026-01-13T22:27:51Z,2026-01-13T22:42:52Z,2026-01-13T22:43:44Z,2026-01-13T22:43:44Z,False
127448,135269,260947.0,260948,verdict,2026-01-13T22:31:04Z,2026-01-13T22:46:05Z,2026-01-13T22:46:26Z,2026-01-13T22:46:26Z,False
127449,135270,260949.0,260950,verdict,2026-01-13T22:31:44Z,2026-01-13T22:46:44Z,2026-01-13T22:47:12Z,2026-01-13T22:47:12Z,False
127450,135271,260951.0,260952,verdict,2026-01-13T22:31:47Z,2026-01-13T22:46:48Z,2026-01-13T22:47:46Z,2026-01-13T22:47:46Z,False
127451,135272,260953.0,260954,verdict,2026-01-13T22:33:38Z,2026-01-13T22:48:38Z,2026-01-13T22:49:21Z,2026-01-13T22:49:21Z,False
127452,135273,260955.0,260956,verdict,2026-01-13T22:34:16Z,2026-01-13T22:49:16Z,2026-01-13T22:49:54Z,2026-01-13T22:49:54Z,False
127463,135284,260977.0,260978,verdict,2026-01-13T22:37:00Z,2026-01-13T22:52:01Z,2026-01-13T22:52:35Z,2026-01-13T22:52:35Z,False
127468,135289,260987.0,260988,verdict,2026-01-13T22:39:34Z,2026-01-13T22:54:34Z,2026-01-13T22:56:22Z,2026-01-13T22:56:22Z,False
127481,135302,261013.0,261014,verdict,2026-01-13T22:43:24Z,2026-01-13T22:58:25Z,2026-01-13T23:00:05Z,2026-01-13T23:00:05Z,False
127495,135316,261041.0,261042,verdict,2026-01-13T22:49:30Z,2026-01-13T23:04:30Z,2026-01-13T23:05:20Z,2026-01-13T23:05:20Z,False
127498,135319,261047.0,261048,verdict,2026-01-13T22:51:24Z,2026-01-13T23:06:25Z,2026-01-13T23:06:46Z,2026-01-13T23:06:46Z,False
127499,135320,261049.0,261050,verdict,2026-01-13T22:55:28Z,2026-01-13T23:10:29Z,2026-01-13T23:11:03Z,2026-01-13T23:11:03Z,False
127505,135326,261061.0,261062,verdict,2026-01-13T23:01:59Z,2026-01-13T23:16:59Z,2026-01-13T23:17:44Z,2026-01-13T23:17:44Z,False
127506,135327,261063.0,261064,verdict,2026-01-13T23:02:12Z,2026-01-13T23:17:12Z,2026-01-13T23:18:21Z,2026-01-13T23:18:21Z,False
127507,135328,261065.0,261066,verdict,2026-01-13T23:02:16Z,2026-01-13T23:17:17Z,2026-01-13T23:18:05Z,2026-01-13T23:18:05Z,False
127508,135329,261067.0,261068,verdict,2026-01-13T23:02:40Z,2026-01-13T23:17:41Z,2026-01-13T23:18:21Z,2026-01-13T23:18:21Z,False
127509,135330,261069.0,261070,verdict,2026-01-13T23:02:45Z,2026-01-13T23:17:46Z,2026-01-13T23:18:32Z,2026-01-13T23:18:32Z,False
127511,135332,261073.0,261074,verdict,2026-01-13T23:03:38Z,2026-01-13T23:18:38Z,2026-01-13T23:19:19Z,2026-01-13T23:19:19Z,False
127513,135334,261077.0,261078,verdict,2026-01-13T23:05:28Z,2026-01-13T23:20:28Z,2026-01-13T23:21:32Z,2026-01-13T23:21:32Z,False
127515,135336,261081.0,261082,verdict,2026-01-13T23:06:17Z,2026-01-13T23:21:17Z,2026-01-13T23:22:09Z,2026-01-13T23:22:09Z,False
127518,135339,261087.0,261088,verdict,2026-01-13T23:07:11Z,2026-01-13T23:22:11Z,2026-01-13T23:23:37Z,2026-01-13T23:23:37Z,False
127519,135340,261089.0,261090,verdict,2026-01-13T23:07:40Z,2026-01-13T23:22:40Z,2026-01-13T23:23:32Z,2026-01-13T23:23:32Z,False
127521,135342,261093.0,261094,verdict,2026-01-13T23:09:35Z,2026-01-13T23:24:35Z,2026-01-13T23:25:10Z,2026-01-13T23:25:10Z,False
127522,135343,261095.0,261096,verdict,2026-01-13T23:11:10Z,2026-01-13T23:26:11Z,2026-01-13T23:26:38Z,2026-01-13T23:26:38Z,False
127523,135344,261097.0,261098,verdict,2026-01-13T23:11:19Z,2026-01-13T23:26:19Z,2026-01-13T23:26:51Z,2026-01-13T23:26:51Z,False
127525,135346,261101.0,261102,verdict,2026-01-13T23:14:41Z,2026-01-13T23:29:42Z,2026-01-13T23:30:08Z,2026-01-13T23:30:08Z,False
127527,135348,261105.0,261106,verdict,2026-01-13T23:15:59Z,2026-01-13T23:31:00Z,2026-01-13T23:33:14Z,2026-01-13T23:33:14Z,False
127528,135349,261107.0,261108,verdict,2026-01-13T23:17:26Z,2026-01-13T23:32:26Z,2026-01-13T23:33:17Z,2026-01-13T23:33:17Z,False
127529,135350,261109.0,261110,verdict,2026-01-13T23:18:05Z,2026-01-13T23:33:06Z,2026-01-13T23:33:56Z,2026-01-13T23:33:56Z,False
127531,135352,261113.0,261114,verdict,2026-01-13T23:18:29Z,2026-01-13T23:33:30Z,2026-01-13T23:34:59Z,2026-01-13T23:34:59Z,False
127532,135353,261115.0,261116,verdict,2026-01-13T23:18:40Z,2026-01-13T23:33:41Z,2026-01-13T23:34:34Z,2026-01-13T23:34:34Z,False
127533,135354,261117.0,261118,verdict,2026-01-13T23:18:49Z,2026-01-13T23:33:49Z,2026-01-13T23:35:22Z,2026-01-13T23:35:22Z,False
127534,135355,261119.0,261120,verdict,2026-01-13T23:19:27Z,2026-01-13T23:34:28Z,2026-01-13T23:35:58Z,2026-01-13T23:35:58Z,False
127535,135356,261121.0,261122,verdict,2026-01-13T23:21:15Z,2026-01-13T23:36:16Z,2026-01-13T23:37:27Z,2026-01-13T23:37:27Z,False
127536,135357,261123.0,261124,verdict,2026-01-13T23:22:18Z,2026-01-13T23:37:18Z,2026-01-13T23:37:56Z,2026-01-13T23:37:56Z,False
127537,135358,261125.0,261126,verdict,2026-01-13T23:23:03Z,2026-01-13T23:38:04Z,2026-01-13T23:39:09Z,2026-01-13T23:39:09Z,False
127538,135359,261127.0,261128,verdict,2026-01-13T23:23:52Z,2026-01-13T23:38:52Z,2026-01-13T23:39:45Z,2026-01-13T23:39:45Z,False
127540,135361,261131.0,261132,verdict,2026-01-13T23:25:21Z,2026-01-13T23:40:22Z,2026-01-13T23:40:38Z,2026-01-13T23:40:38Z,False
127541,135362,261133.0,261134,verdict,2026-01-13T23:26:50Z,2026-01-13T23:41:50Z,2026-01-13T23:44:00Z,2026-01-13T23:44:00Z,False
127544,135365,261139.0,261140,verdict,2026-01-13T23:29:34Z,2026-01-13T23:44:35Z,2026-01-13T23:45:24Z,2026-01-13T23:45:24Z,False
127547,135368,261145.0,261146,verdict,2026-01-13T23:32:06Z,2026-01-13T23:47:06Z,2026-01-13T23:47:59Z,2026-01-13T23:47:59Z,False
127551,135372,261153.0,261154,verdict,2026-01-13T23:33:55Z,2026-01-13T23:48:56Z,2026-01-13T23:49:27Z,2026-01-13T23:49:27Z,False
127553,135374,261157.0,261158,verdict,2026-01-13T23:34:13Z,2026-01-13T23:49:13Z,2026-01-13T23:50:11Z,2026-01-13T23:50:11Z,False
127554,135375,261159.0,261160,verdict,2026-01-13T23:34:34Z,2026-01-13T23:49:34Z,2026-01-13T23:50:09Z,2026-01-13T23:50:09Z,False
127555,135376,261161.0,261162,verdict,2026-01-13T23:34:43Z,2026-01-13T23:49:43Z,2026-01-13T23:50:26Z,2026-01-13T23:50:26Z,False
127557,135378,261165.0,261166,verdict,2026-01-13T23:35:21Z,2026-01-13T23:50:22Z,2026-01-13T23:52:49Z,2026-01-13T23:52:49Z,False
127558,135379,261167.0,261168,verdict,2026-01-13T23:35:29Z,2026-01-13T23:50:29Z,2026-01-13T23:50:50Z,2026-01-13T23:50:50Z,False
127563,135384,261177.0,261178,verdict,2026-01-13T23:38:04Z,2026-01-13T23:53:04Z,2026-01-13T23:53:34Z,2026-01-13T23:53:34Z,False
127564,135385,261179.0,261180,verdict,2026-01-13T23:38:06Z,2026-01-13T23:53:06Z,2026-01-13T23:53:53Z,2026-01-13T23:53:53Z,False
127566,135387,261183.0,261184,verdict,2026-01-13T23:39:53Z,2026-01-13T23:54:54Z,2026-01-13T23:55:40Z,2026-01-13T23:55:40Z,False
127567,135388,261185.0,261186,verdict,2026-01-13T23:40:19Z,2026-01-13T23:55:19Z,2026-01-13T23:56:25Z,2026-01-13T23:56:25Z,False
127569,135390,261189.0,261190,verdict,2026-01-13T23:42:41Z,2026-01-13T23:57:41Z,2026-01-14T00:02:02Z,2026-01-14T00:02:02Z,False
127572,135393,261195.0,261196,verdict,2026-01-13T23:44:49Z,2026-01-13T23:59:49Z,2026-01-14T00:01:20Z,2026-01-14T00:01:20Z,False
127573,135394,261197.0,261198,verdict,2026-01-13T23:46:22Z,2026-01-14T00:01:22Z,2026-01-14T00:02:16Z,2026-01-14T00:02:16Z,False
127574,135395,261199.0,261200,verdict,2026-01-13T23:48:10Z,2026-01-14T00:03:10Z,2026-01-14T00:04:22Z,2026-01-14T00:04:22Z,False
127577,135398,261205.0,261206,verdict,2026-01-13T23:49:39Z,2026-01-14T00:05:30Z,2026-01-14T00:05:30Z,2026-01-14T00:05:30Z,False
127578,135399,261207.0,261208,verdict,2026-01-13T23:49:54Z,2026-01-14T00:04:55Z,2026-01-14T00:07:38Z,2026-01-14T00:07:38Z,False
127579,135400,261209.0,261210,verdict,2026-01-13T23:50:20Z,2026-01-14T00:05:20Z,2026-01-14T00:05:52Z,2026-01-14T00:05:52Z,False
127580,135401,261211.0,261212,verdict,2026-01-13T23:50:24Z,2026-01-14T00:05:24Z,2026-01-14T00:05:49Z,2026-01-14T00:05:49Z,False
127583,135404,261217.0,261218,verdict,2026-01-13T23:50:58Z,2026-01-14T00:05:58Z,2026-01-14T00:07:17Z,2026-01-14T00:07:17Z,False
127584,135405,261219.0,261220,verdict,2026-01-13T23:51:25Z,2026-01-14T00:06:25Z,2026-01-14T00:06:47Z,2026-01-14T00:06:47Z,False
127585,135406,261221.0,261222,verdict,2026-01-13T23:51:58Z,2026-01-14T00:06:59Z,2026-01-14T00:07:15Z,2026-01-14T00:07:15Z,False
127587,135408,261225.0,261226,verdict,2026-01-13T23:55:45Z,2026-01-14T00:10:45Z,2026-01-14T00:11:55Z,2026-01-14T00:11:55Z,False
127588,135409,261227.0,261228,verdict,2026-01-13T23:55:58Z,2026-01-14T00:10:58Z,2026-01-14T00:11:19Z,2026-01-14T00:11:19Z,False
127589,135410,261229.0,261230,verdict,2026-01-13T23:56:21Z,2026-01-14T00:11:21Z,2026-01-14T00:11:43Z,2026-01-14T00:11:43Z,False
127590,135411,261231.0,261232,verdict,2026-01-13T23:56:29Z,2026-01-14T00:11:29Z,2026-01-14T00:13:31Z,2026-01-14T00:13:31Z,False
127594,135415,261239.0,261240,verdict,2026-01-13T23:58:26Z,2026-01-14T00:13:26Z,2026-01-14T00:13:48Z,2026-01-14T00:13:48Z,False
127595,135416,261241.0,261242,verdict,2026-01-14T00:00:43Z,2026-01-14T00:15:44Z,2026-01-14T00:16:05Z,2026-01-14T00:16:05Z,False
127597,135418,261245.0,261246,verdict,2026-01-14T00:02:14Z,2026-01-14T00:17:14Z,2026-01-14T00:19:21Z,2026-01-14T00:19:21Z,False
127598,135419,261247.0,261248,verdict,2026-01-14T00:03:21Z,2026-01-14T00:18:21Z,2026-01-14T00:19:41Z,2026-01-14T00:19:41Z,False
127599,135420,261249.0,261250,verdict,2026-01-14T00:05:39Z,2026-01-14T00:20:39Z,2026-01-14T00:21:38Z,2026-01-14T00:21:38Z,False
127600,135421,261251.0,261252,verdict,2026-01-14T00:05:45Z,2026-01-14T00:20:45Z,2026-01-14T00:21:35Z,2026-01-14T00:21:35Z,False
127601,135422,261253.0,261254,verdict,2026-01-14T00:06:53Z,2026-01-14T00:21:53Z,2026-01-14T00:22:09Z,2026-01-14T00:22:09Z,False
127602,135423,261255.0,261256,verdict,2026-01-14T00:07:24Z,2026-01-14T00:22:24Z,2026-01-14T00:23:50Z,2026-01-14T00:23:50Z,False
127603,135424,261257.0,261258,verdict,2026-01-14T00:07:28Z,2026-01-14T00:22:28Z,2026-01-14T00:22:49Z,2026-01-14T00:22:49Z,False
127604,135425,261259.0,261260,verdict,2026-01-14T00:11:49Z,2026-01-14T00:26:49Z,2026-01-14T00:27:12Z,2026-01-14T00:27:12Z,False
127605,135426,261261.0,261262,verdict,2026-01-14T00:13:34Z,2026-01-14T00:28:34Z,2026-01-14T00:28:59Z,2026-01-14T00:28:59Z,False
127606,135427,261263.0,261264,verdict,2026-01-14T00:14:01Z,2026-01-14T00:29:02Z,2026-01-14T00:29:47Z,2026-01-14T00:29:47Z,False
127607,135428,261265.0,261266,verdict,2026-01-14T00:16:16Z,2026-01-14T00:31:16Z,2026-01-14T00:32:32Z,2026-01-14T00:32:32Z,False
127608,135429,261267.0,261268,verdict,2026-01-14T00:21:28Z,2026-01-14T00:36:28Z,2026-01-14T00:37:47Z,2026-01-14T00:37:47Z,False
127611,135432,261273.0,261274,verdict,2026-01-14T00:21:45Z,2026-01-14T00:36:46Z,2026-01-14T00:37:20Z,2026-01-14T00:37:20Z,False
127612,135433,261275.0,261276,verdict,2026-01-14T00:21:48Z,2026-01-14T00:36:49Z,2026-01-14T00:38:23Z,2026-01-14T00:38:23Z,False
127614,135435,261279.0,261280,verdict,2026-01-14T00:22:16Z,2026-01-14T00:37:16Z,2026-01-14T00:38:22Z,2026-01-14T00:38:22Z,False
127615,135436,261281.0,261282,verdict,2026-01-14T00:22:34Z,2026-01-14T00:37:34Z,2026-01-14T00:38:24Z,2026-01-14T00:38:24Z,False
127616,135437,261283.0,261284,verdict,2026-01-14T00:22:57Z,2026-01-14T00:37:58Z,2026-01-14T00:39:00Z,2026-01-14T00:39:00Z,False
127617,135438,261285.0,261286,verdict,2026-01-14T00:23:12Z,2026-01-14T00:38:12Z,2026-01-14T00:39:22Z,2026-01-14T00:39:22Z,False
127618,135439,261287.0,261288,verdict,2026-01-14T00:23:40Z,2026-01-14T00:38:40Z,2026-01-14T00:39:49Z,2026-01-14T00:39:49Z,False
127619,135440,261289.0,261290,verdict,2026-01-14T00:23:58Z,2026-01-14T00:38:58Z,2026-01-14T00:39:22Z,2026-01-14T00:39:22Z,False
127620,135441,261291.0,261292,verdict,2026-01-14T00:24:18Z,2026-01-14T00:39:19Z,2026-01-14T00:39:52Z,2026-01-14T00:39:52Z,False
127621,135442,261293.0,261294,verdict,2026-01-14T00:24:39Z,2026-01-14T00:39:39Z,2026-01-14T00:40:31Z,2026-01-14T00:40:31Z,False
127622,135443,261295.0,261296,verdict,2026-01-14T00:25:28Z,2026-01-14T00:40:29Z,2026-01-14T00:41:08Z,2026-01-14T00:41:08Z,False
127626,135447,261303.0,261304,verdict,2026-01-14T00:31:19Z,2026-01-14T00:46:19Z,2026-01-14T00:47:49Z,2026-01-14T00:47:49Z,False
127629,135450,261309.0,261310,verdict,2026-01-14T00:32:04Z,2026-01-14T00:47:05Z,2026-01-14T00:48:18Z,2026-01-14T00:48:18Z,False
127630,135451,261311.0,261312,verdict,2026-01-14T00:33:35Z,2026-01-14T00:48:35Z,2026-01-14T00:49:15Z,2026-01-14T00:49:15Z,False
127633,135454,261317.0,261318,verdict,2026-01-14T00:36:04Z,2026-01-14T00:51:05Z,2026-01-14T00:52:03Z,2026-01-14T00:52:03Z,False
127634,135455,261319.0,261320,verdict,2026-01-14T00:37:15Z,2026-01-14T00:52:15Z,2026-01-14T00:52:36Z,2026-01-14T00:52:36Z,False
127636,135457,261323.0,261324,verdict,2026-01-14T00:38:33Z,2026-01-14T00:53:34Z,2026-01-14T00:54:23Z,2026-01-14T00:54:23Z,False
127637,135458,261325.0,261326,verdict,2026-01-14T00:38:52Z,2026-01-14T00:53:53Z,2026-01-14T00:55:03Z,2026-01-14T00:55:03Z,False
127638,135459,261327.0,261328,verdict,2026-01-14T00:39:12Z,2026-01-14T00:54:12Z,2026-01-14T00:55:41Z,2026-01-14T00:55:41Z,False
127640,135461,261331.0,261332,verdict,2026-01-14T00:40:01Z,2026-01-14T00:55:02Z,2026-01-14T00:55:41Z,2026-01-14T00:55:41Z,False
127641,135462,261333.0,261334,verdict,2026-01-14T00:40:38Z,2026-01-14T00:55:38Z,2026-01-14T00:56:28Z,2026-01-14T00:56:28Z,False
127642,135463,261335.0,261336,verdict,2026-01-14T00:40:42Z,2026-01-14T00:55:43Z,2026-01-14T00:56:59Z,2026-01-14T00:56:59Z,False
127643,135464,261337.0,261338,verdict,2026-01-14T00:41:20Z,2026-01-14T00:56:21Z,2026-01-14T00:56:48Z,2026-01-14T00:56:48Z,False
127644,135465,261339.0,261340,verdict,2026-01-14T00:41:54Z,2026-01-14T00:56:54Z,2026-01-14T00:58:30Z,2026-01-14T00:58:30Z,False
127646,135467,261343.0,261344,verdict,2026-01-14T00:43:53Z,2026-01-14T00:58:53Z,2026-01-14T00:59:51Z,2026-01-14T00:59:51Z,False
127650,135471,261351.0,261352,verdict,2026-01-14T00:47:18Z,2026-01-14T01:02:18Z,2026-01-14T01:02:59Z,2026-01-14T01:02:59Z,False
127653,135474,261357.0,261358,verdict,2026-01-14T00:48:35Z,2026-01-14T01:03:35Z,2026-01-14T01:04:51Z,2026-01-14T01:04:51Z,False
127654,135475,261359.0,261360,verdict,2026-01-14T00:48:46Z,2026-01-14T01:03:46Z,2026-01-14T01:04:23Z,2026-01-14T01:04:23Z,False
127657,135478,261365.0,261366,verdict,2026-01-14T00:49:35Z,2026-01-14T01:04:36Z,2026-01-14T01:05:31Z,2026-01-14T01:05:31Z,False
127658,135479,261367.0,261368,verdict,2026-01-14T00:49:40Z,2026-01-14T01:04:40Z,2026-01-14T01:06:01Z,2026-01-14T01:06:01Z,False
127661,135482,261373.0,261374,verdict,2026-01-14T00:52:03Z,2026-01-14T01:07:04Z,2026-01-14T01:08:10Z,2026-01-14T01:08:10Z,False
127662,135483,261375.0,261376,verdict,2026-01-14T00:52:19Z,2026-01-14T01:07:19Z,2026-01-14T01:08:27Z,2026-01-14T01:08:27Z,False
127663,135484,261377.0,261378,verdict,2026-01-14T00:53:23Z,2026-01-14T01:08:23Z,2026-01-14T01:09:31Z,2026-01-14T01:09:31Z,False
127665,135486,261381.0,261382,verdict,2026-01-14T00:54:27Z,2026-01-14T01:09:27Z,2026-01-14T01:10:27Z,2026-01-14T01:10:27Z,False
127667,135488,261385.0,261386,verdict,2026-01-14T00:55:10Z,2026-01-14T01:10:10Z,2026-01-14T01:10:46Z,2026-01-14T01:10:46Z,False
127668,135489,261387.0,261388,verdict,2026-01-14T00:55:18Z,2026-01-14T01:10:18Z,2026-01-14T01:10:55Z,2026-01-14T01:10:55Z,False
127673,135494,261397.0,261398,verdict,2026-01-14T00:55:53Z,2026-01-14T01:10:53Z,2026-01-14T01:12:54Z,2026-01-14T01:12:54Z,False
127674,135495,261399.0,261400,verdict,2026-01-14T00:56:39Z,2026-01-14T01:11:39Z,2026-01-14T01:12:26Z,2026-01-14T01:12:26Z,False
127677,135498,261405.0,261406,verdict,2026-01-14T00:56:58Z,2026-01-14T01:11:58Z,2026-01-14T01:12:43Z,2026-01-14T01:12:43Z,False
127679,135500,261409.0,261410,verdict,2026-01-14T00:57:07Z,2026-01-14T01:12:07Z,2026-01-14T01:12:29Z,2026-01-14T01:12:29Z,False
127681,135502,261413.0,261414,verdict,2026-01-14T00:57:53Z,2026-01-14T01:12:53Z,2026-01-14T01:13:11Z,2026-01-14T01:13:11Z,False
127686,135507,261423.0,261424,verdict,2026-01-14T00:59:41Z,2026-01-14T01:14:42Z,2026-01-14T01:15:25Z,2026-01-14T01:15:25Z,False
127688,135509,261427.0,261428,verdict,2026-01-14T01:00:22Z,2026-01-14T01:15:22Z,2026-01-14T01:16:05Z,2026-01-14T01:16:05Z,False
127698,135521,261449.0,261450,verdict,2026-01-14T01:03:20Z,2026-01-14T01:18:21Z,2026-01-14T01:18:51Z,2026-01-14T01:18:51Z,False
127699,135522,261451.0,261452,verdict,2026-01-14T01:03:23Z,2026-01-14T01:18:23Z,2026-01-14T01:19:14Z,2026-01-14T01:19:14Z,False
127702,135525,261457.0,261458,verdict,2026-01-14T01:04:56Z,2026-01-14T01:19:56Z,2026-01-14T01:20:28Z,2026-01-14T01:20:28Z,False
127703,135526,261459.0,261460,verdict,2026-01-14T01:05:56Z,2026-01-14T01:20:56Z,2026-01-14T01:21:41Z,2026-01-14T01:21:41Z,False
127706,135529,261465.0,261466,verdict,2026-01-14T01:08:34Z,2026-01-14T01:23:34Z,2026-01-14T01:23:51Z,2026-01-14T01:23:51Z,False
127707,135530,261467.0,261468,verdict,2026-01-14T01:09:13Z,2026-01-14T01:24:13Z,2026-01-14T01:24:41Z,2026-01-14T01:24:41Z,False
127708,135531,261469.0,261470,verdict,2026-01-14T01:09:39Z,2026-01-14T01:24:39Z,2026-01-14T01:26:01Z,2026-01-14T01:26:01Z,False
127709,135532,261471.0,261472,verdict,2026-01-14T01:10:59Z,2026-01-14T01:25:59Z,2026-01-14T01:26:27Z,2026-01-14T01:26:27Z,False
127711,135534,261475.0,261476,verdict,2026-01-14T01:11:09Z,2026-01-14T01:26:09Z,2026-01-14T01:26:36Z,2026-01-14T01:26:36Z,False
127712,135535,261477.0,261478,verdict,2026-01-14T01:11:23Z,2026-01-14T01:26:23Z,2026-01-14T01:27:55Z,2026-01-14T01:27:55Z,False
127713,135536,261479.0,261480,verdict,2026-01-14T01:12:39Z,2026-01-14T01:27:39Z,2026-01-14T01:28:35Z,2026-01-14T01:28:35Z,False
127716,135539,261485.0,261486,verdict,2026-01-14T01:12:57Z,2026-01-14T01:27:58Z,2026-01-14T01:29:03Z,2026-01-14T01:29:03Z,False
127717,135540,261487.0,261488,verdict,2026-01-14T01:13:10Z,2026-01-14T01:28:10Z,2026-01-14T01:29:27Z,2026-01-14T01:29:27Z,False
127718,135541,261489.0,261490,verdict,2026-01-14T01:14:36Z,2026-01-14T01:29:36Z,2026-01-14T01:30:20Z,2026-01-14T01:30:20Z,False
127720,135543,261493.0,261494,verdict,2026-01-14T01:16:16Z,2026-01-14T01:31:16Z,2026-01-14T01:32:34Z,2026-01-14T01:32:34Z,False
127722,135545,261497.0,261498,verdict,2026-01-14T01:16:53Z,2026-01-14T01:31:54Z,2026-01-14T01:38:05Z,2026-01-14T01:38:05Z,False
127723,135546,261499.0,261500,verdict,2026-01-14T01:19:06Z,2026-01-14T01:34:06Z,2026-01-14T01:34:33Z,2026-01-14T01:34:33Z,False
127724,135547,261501.0,261502,verdict,2026-01-14T01:19:23Z,2026-01-14T01:34:23Z,2026-01-14T01:36:06Z,2026-01-14T01:36:06Z,False
127725,135548,261503.0,261504,verdict,2026-01-14T01:20:35Z,2026-01-14T01:35:35Z,2026-01-14T01:36:06Z,2026-01-14T01:36:06Z,False
127726,135549,261505.0,261506,verdict,2026-01-14T01:21:44Z,2026-01-14T01:36:44Z,2026-01-14T01:37:29Z,2026-01-14T01:37:29Z,False
127727,135550,261507.0,261508,verdict,2026-01-14T01:22:05Z,2026-01-14T01:37:05Z,2026-01-14T01:39:00Z,2026-01-14T01:39:00Z,False
127729,135552,261511.0,261512,verdict,2026-01-14T01:24:20Z,2026-01-14T01:39:20Z,2026-01-14T01:39:56Z,2026-01-14T01:39:56Z,False
127730,135553,261513.0,261514,verdict,2026-01-14T01:24:48Z,2026-01-14T01:39:48Z,2026-01-14T01:40:16Z,2026-01-14T01:40:16Z,False
127731,135554,261515.0,261516,verdict,2026-01-14T01:25:12Z,2026-01-14T01:40:12Z,2026-01-14T01:41:53Z,2026-01-14T01:41:53Z,False
127732,135555,261517.0,261518,verdict,2026-01-14T01:26:12Z,2026-01-14T01:41:12Z,2026-01-14T01:42:25Z,2026-01-14T01:42:25Z,False
127734,135557,261521.0,261522,verdict,2026-01-14T01:28:03Z,2026-01-14T01:43:03Z,2026-01-14T01:43:41Z,2026-01-14T01:43:41Z,False
127735,135558,261523.0,261524,verdict,2026-01-14T01:28:37Z,2026-01-14T01:43:37Z,2026-01-14T01:43:58Z,2026-01-14T01:43:58Z,False
127736,135559,261525.0,261526,verdict,2026-01-14T01:28:55Z,2026-01-14T01:43:55Z,2026-01-14T01:44:24Z,2026-01-14T01:44:24Z,False
127737,135560,261527.0,261528,verdict,2026-01-14T01:30:51Z,2026-01-14T01:45:52Z,2026-01-14T01:47:59Z,2026-01-14T01:47:59Z,False
127739,135562,261531.0,261532,verdict,2026-01-14T01:35:19Z,2026-01-14T01:50:19Z,2026-01-14T01:51:01Z,2026-01-14T01:51:01Z,False
127740,135563,261533.0,261534,verdict,2026-01-14T01:36:13Z,2026-01-14T01:51:13Z,2026-01-14T01:52:16Z,2026-01-14T01:52:16Z,False
127742,135565,261537.0,261538,verdict,2026-01-14T01:38:35Z,2026-01-14T01:53:35Z,2026-01-14T01:55:01Z,2026-01-14T01:55:01Z,False
127745,135568,261543.0,261544,verdict,2026-01-14T01:43:53Z,2026-01-14T01:58:53Z,2026-01-14T02:05:07Z,2026-01-14T02:05:07Z,False
127746,135569,261545.0,261546,verdict,2026-01-14T01:43:58Z,2026-01-14T01:58:58Z,2026-01-14T01:59:25Z,2026-01-14T01:59:25Z,False
127747,135570,261547.0,261548,verdict,2026-01-14T01:44:16Z,2026-01-14T01:59:17Z,2026-01-14T02:00:26Z,2026-01-14T02:00:26Z,False
127748,135571,261549.0,261550,verdict,2026-01-14T01:44:36Z,2026-01-14T01:59:37Z,2026-01-14T02:00:22Z,2026-01-14T02:00:22Z,False
127749,135572,261551.0,261552,verdict,2026-01-14T01:44:52Z,2026-01-14T01:59:52Z,2026-01-14T02:06:12Z,2026-01-14T02:06:12Z,False
127750,135573,261553.0,261554,verdict,2026-01-14T01:45:11Z,2026-01-14T02:00:12Z,2026-01-14T02:00:54Z,2026-01-14T02:00:54Z,False
127759,135582,261571.0,261572,verdict,2026-01-14T01:47:49Z,2026-01-14T02:02:53Z,2026-01-14T02:04:12Z,2026-01-14T02:04:12Z,False
127760,135583,261573.0,261574,verdict,2026-01-14T01:49:07Z,2026-01-14T02:04:12Z,2026-01-14T02:05:50Z,2026-01-14T02:05:50Z,False
127762,135585,261577.0,261578,verdict,2026-01-14T01:51:59Z,2026-01-14T02:07:03Z,2026-01-14T02:07:27Z,2026-01-14T02:07:27Z,False
127763,135586,261579.0,261580,verdict,2026-01-14T01:53:20Z,2026-01-14T02:08:23Z,2026-01-14T02:12:50Z,2026-01-14T02:12:50Z,False
127765,135588,261583.0,261584,verdict,2026-01-14T01:53:56Z,2026-01-14T02:08:59Z,2026-01-14T02:09:49Z,2026-01-14T02:09:49Z,False
127769,135592,261591.0,261592,verdict,2026-01-14T01:55:30Z,2026-01-14T02:10:32Z,2026-01-14T02:11:22Z,2026-01-14T02:11:22Z,False
127771,135594,261595.0,261596,verdict,2026-01-14T01:59:10Z,2026-01-14T02:14:11Z,2026-01-14T02:15:10Z,2026-01-14T02:15:10Z,False
128121,135968,262305.0,262306,verdict,2026-01-14T02:17:50Z,2026-01-14T02:32:50Z,2026-01-14T02:33:26Z,2026-01-14T02:33:26Z,False
128122,135969,262307.0,262308,verdict,2026-01-14T02:18:01Z,2026-01-14T02:33:02Z,2026-01-14T02:34:04Z,2026-01-14T02:34:04Z,False
128123,135970,262309.0,262310,verdict,2026-01-14T02:18:31Z,2026-01-14T02:33:31Z,2026-01-14T02:34:37Z,2026-01-14T02:34:37Z,False
128124,135971,262311.0,262312,verdict,2026-01-14T02:19:08Z,2026-01-14T02:34:08Z,2026-01-14T02:36:21Z,2026-01-14T02:36:21Z,False
128125,135972,262313.0,262314,verdict,2026-01-14T02:19:12Z,2026-01-14T02:34:12Z,2026-01-14T02:35:07Z,2026-01-14T02:35:07Z,False
128126,135973,262315.0,262316,verdict,2026-01-14T02:19:16Z,2026-01-14T02:34:16Z,2026-01-14T02:35:28Z,2026-01-14T02:35:28Z,False
128127,135974,262317.0,262318,verdict,2026-01-14T02:20:24Z,2026-01-14T02:35:25Z,2026-01-14T02:36:13Z,2026-01-14T02:36:13Z,False
128128,135975,262319.0,262320,verdict,2026-01-14T02:21:13Z,2026-01-14T02:36:13Z,2026-01-14T02:37:25Z,2026-01-14T02:37:25Z,False
128129,135976,262321.0,262322,verdict,2026-01-14T02:21:32Z,2026-01-14T02:36:32Z,2026-01-14T02:38:28Z,2026-01-14T02:38:28Z,False
128132,135979,262327.0,262328,verdict,2026-01-14T02:33:34Z,2026-01-14T02:48:34Z,2026-01-14T02:49:35Z,2026-01-14T02:49:35Z,False
128133,135980,262329.0,262330,verdict,2026-01-14T02:34:25Z,2026-01-14T02:49:26Z,2026-01-14T02:50:20Z,2026-01-14T02:50:20Z,False
128135,135982,262333.0,262334,verdict,2026-01-14T02:35:13Z,2026-01-14T02:50:15Z,2026-01-14T02:50:36Z,2026-01-14T02:50:36Z,False
128138,135985,262339.0,262340,verdict,2026-01-14T02:36:13Z,2026-01-14T02:51:14Z,2026-01-14T02:51:52Z,2026-01-14T02:51:52Z,False
128139,135986,262341.0,262342,verdict,2026-01-14T02:36:20Z,2026-01-14T02:51:21Z,2026-01-14T02:51:50Z,2026-01-14T02:51:50Z,False
128140,135987,262343.0,262344,verdict,2026-01-14T02:36:33Z,2026-01-14T02:51:33Z,2026-01-14T02:52:40Z,2026-01-14T02:52:40Z,False
128141,135988,262345.0,262346,verdict,2026-01-14T02:37:04Z,2026-01-14T02:52:05Z,2026-01-14T02:54:16Z,2026-01-14T02:54:16Z,False
128144,135991,262351.0,262352,verdict,2026-01-14T02:46:44Z,2026-01-14T03:01:44Z,2026-01-14T03:02:02Z,2026-01-14T03:02:02Z,False
128147,135994,262357.0,262358,verdict,2026-01-14T02:50:15Z,2026-01-14T03:05:15Z,2026-01-14T03:05:46Z,2026-01-14T03:05:46Z,False
128148,135995,262359.0,262360,verdict,2026-01-14T02:50:43Z,2026-01-14T03:05:43Z,2026-01-14T03:06:17Z,2026-01-14T03:06:17Z,False
128149,135996,262361.0,262362,verdict,2026-01-14T02:51:59Z,2026-01-14T03:06:59Z,2026-01-14T03:09:03Z,2026-01-14T03:09:03Z,False
128150,135997,262363.0,262364,verdict,2026-01-14T02:52:03Z,2026-01-14T03:07:04Z,2026-01-14T03:07:41Z,2026-01-14T03:07:41Z,False
128152,135999,262367.0,262368,verdict,2026-01-14T02:52:55Z,2026-01-14T03:07:56Z,2026-01-14T03:09:34Z,2026-01-14T03:09:34Z,False
128153,136000,262369.0,262370,verdict,2026-01-14T02:54:23Z,2026-01-14T03:09:24Z,2026-01-14T03:09:43Z,2026-01-14T03:09:43Z,False
128156,136003,262375.0,262376,verdict,2026-01-14T03:00:10Z,2026-01-14T03:15:11Z,2026-01-14T03:16:22Z,2026-01-14T03:16:22Z,False
128157,136004,262377.0,262378,verdict,2026-01-14T03:05:59Z,2026-01-14T03:20:59Z,2026-01-14T03:22:15Z,2026-01-14T03:22:15Z,False
128158,136005,262379.0,262380,verdict,2026-01-14T03:07:21Z,2026-01-14T03:22:22Z,2026-01-14T03:23:06Z,2026-01-14T03:23:06Z,False
128159,136006,262381.0,262382,verdict,2026-01-14T03:07:49Z,2026-01-14T03:22:49Z,2026-01-14T03:23:22Z,2026-01-14T03:23:22Z,False
128160,136007,262383.0,262384,verdict,2026-01-14T03:07:52Z,2026-01-14T03:22:52Z,2026-01-14T03:24:09Z,2026-01-14T03:24:09Z,False
128161,136008,262385.0,262386,verdict,2026-01-14T03:08:48Z,2026-01-14T03:23:48Z,2026-01-14T03:29:07Z,2026-01-14T03:29:07Z,False
128162,136009,262387.0,262388,verdict,2026-01-14T03:10:15Z,2026-01-14T03:25:15Z,2026-01-14T03:26:31Z,2026-01-14T03:26:31Z,False
128163,136010,262389.0,262390,verdict,2026-01-14T03:11:46Z,2026-01-14T03:26:46Z,2026-01-14T03:27:18Z,2026-01-14T03:27:18Z,False
128166,136013,262395.0,262396,verdict,2026-01-14T03:22:22Z,2026-01-14T03:37:22Z,2026-01-14T03:37:55Z,2026-01-14T03:37:55Z,False
128167,136014,262397.0,262398,verdict,2026-01-14T03:23:15Z,2026-01-14T03:38:15Z,2026-01-14T03:39:02Z,2026-01-14T03:39:02Z,False
128168,136015,262399.0,262400,verdict,2026-01-14T03:24:15Z,2026-01-14T03:39:15Z,2026-01-14T03:40:34Z,2026-01-14T03:40:34Z,False
128169,136016,262401.0,262402,verdict,2026-01-14T03:25:00Z,2026-01-14T03:40:01Z,2026-01-14T03:40:39Z,2026-01-14T03:40:39Z,False
128170,136017,262403.0,262404,verdict,2026-01-14T03:30:10Z,2026-01-14T03:45:10Z,2026-01-14T03:46:11Z,2026-01-14T03:46:11Z,False
128171,136018,262405.0,262406,verdict,2026-01-14T03:39:13Z,2026-01-14T03:54:13Z,2026-01-14T03:54:52Z,2026-01-14T03:54:52Z,False
128646,136520,263368.0,263369,verdict,2026-01-14T13:52:54Z,2026-01-14T14:07:56Z,2026-01-14T14:09:27Z,2026-01-14T14:09:27Z,False
128661,136535,263398.0,263399,verdict,2026-01-14T13:55:58Z,2026-01-14T14:10:59Z,2026-01-14T14:11:55Z,2026-01-14T14:11:55Z,False
128666,136540,263408.0,263409,verdict,2026-01-14T13:56:26Z,2026-01-14T14:11:26Z,2026-01-14T14:12:52Z,2026-01-14T14:12:52Z,False
128668,136542,263412.0,263413,verdict,2026-01-14T13:56:42Z,2026-01-14T14:11:42Z,2026-01-14T14:13:25Z,2026-01-14T14:13:25Z,False
128671,136545,263418.0,263419,verdict,2026-01-14T13:57:12Z,2026-01-14T14:12:12Z,2026-01-14T14:12:50Z,2026-01-14T14:12:50Z,False
128673,136547,263422.0,263423,verdict,2026-01-14T13:57:41Z,2026-01-14T14:12:41Z,2026-01-14T14:14:20Z,2026-01-14T14:14:20Z,False
128851,136744,263795.0,263796,verdict,2026-01-14T14:08:51Z,2026-01-14T14:23:51Z,2026-01-14T14:24:43Z,2026-01-14T14:24:43Z,False
128857,136750,263807.0,263808,verdict,2026-01-14T14:12:10Z,2026-01-14T14:27:10Z,2026-01-14T14:27:43Z,2026-01-14T14:27:43Z,False
128858,136751,263809.0,263810,verdict,2026-01-14T14:12:17Z,2026-01-14T14:27:17Z,2026-01-14T14:27:45Z,2026-01-14T14:27:45Z,False
128860,136753,263813.0,263814,verdict,2026-01-14T14:13:00Z,2026-01-14T14:28:00Z,2026-01-14T14:29:14Z,2026-01-14T14:29:14Z,False
128861,136754,263815.0,263816,verdict,2026-01-14T14:13:07Z,2026-01-14T14:28:07Z,2026-01-14T14:29:22Z,2026-01-14T14:29:22Z,False
128862,136755,263817.0,263818,verdict,2026-01-14T14:13:39Z,2026-01-14T14:28:41Z,2026-01-14T14:29:56Z,2026-01-14T14:29:56Z,False
128864,136757,263821.0,263822,verdict,2026-01-14T14:16:59Z,2026-01-14T14:31:59Z,2026-01-14T14:32:59Z,2026-01-14T14:32:59Z,False
128877,136770,263847.0,263848,verdict,2026-01-14T14:25:09Z,2026-01-14T14:40:09Z,2026-01-14T14:40:24Z,2026-01-14T14:40:24Z,False
128880,136773,263853.0,263854,verdict,2026-01-14T14:27:55Z,2026-01-14T14:42:55Z,2026-01-14T14:43:57Z,2026-01-14T14:43:57Z,False
128881,136774,263855.0,263856,verdict,2026-01-14T14:27:58Z,2026-01-14T14:42:58Z,2026-01-14T14:43:40Z,2026-01-14T14:43:40Z,False
128885,136778,263863.0,263864,verdict,2026-01-14T14:28:56Z,2026-01-14T14:43:56Z,2026-01-14T14:44:44Z,2026-01-14T14:44:44Z,False
128886,136779,263865.0,263866,verdict,2026-01-14T14:29:33Z,2026-01-14T14:44:33Z,2026-01-14T14:46:10Z,2026-01-14T14:46:10Z,False
128892,136785,263877.0,263878,verdict,2026-01-14T14:33:07Z,2026-01-14T14:48:07Z,2026-01-14T14:49:52Z,2026-01-14T14:49:52Z,False
128894,136787,263881.0,263882,verdict,2026-01-14T14:33:38Z,2026-01-14T14:48:39Z,2026-01-14T14:50:16Z,2026-01-14T14:50:16Z,False
128900,136793,263893.0,263894,verdict,2026-01-14T14:43:44Z,2026-01-14T14:58:45Z,2026-01-14T14:59:23Z,2026-01-14T14:59:23Z,False
128901,136794,263895.0,263896,verdict,2026-01-14T14:43:48Z,2026-01-14T14:58:49Z,2026-01-14T14:59:32Z,2026-01-14T14:59:32Z,False
128902,136795,263897.0,263898,verdict,2026-01-14T14:44:44Z,2026-01-14T14:59:44Z,2026-01-14T15:00:14Z,2026-01-14T15:00:14Z,False
128903,136796,263899.0,263900,verdict,2026-01-14T14:44:51Z,2026-01-14T14:59:51Z,2026-01-14T15:00:31Z,2026-01-14T15:00:31Z,False
128906,136799,263905.0,263906,verdict,2026-01-14T14:49:28Z,2026-01-14T15:04:29Z,2026-01-14T15:04:53Z,2026-01-14T15:04:53Z,False
128907,136800,263907.0,263908,verdict,2026-01-14T14:50:35Z,2026-01-14T15:05:35Z,2026-01-14T15:07:37Z,2026-01-14T15:07:37Z,False
