"id","game_id","interrogator_id","witness_id","label"
3385,1700,1700,3386,"A"
3386,1700,1700,3385,"B"
3387,1701,1701,3388,"B"
3388,1701,1701,3387,"A"
3389,1702,1702,3390,"B"
3390,1702,1702,3389,"A"
3391,1703,1703,3392,"B"
3392,1703,1703,3391,"A"
3393,1704,1704,3394,"B"
3394,1704,1704,3393,"A"
3395,1705,1705,3396,"B"
3396,1705,1705,3395,"A"
3397,1706,1706,3398,"B"
3398,1706,1706,3397,"A"
3399,1707,1707,3400,"B"
3400,1707,1707,3399,"A"
3401,1708,1708,3402,"B"
3402,1708,1708,3401,"A"
3403,1709,1709,3404,"A"
3404,1709,1709,3403,"B"
3405,1710,1710,3406,"A"
3406,1710,1710,3405,"B"
3411,1713,1713,3412,"B"
3412,1713,1713,3411,"A"
3413,1714,1714,3414,"B"
3414,1714,1714,3413,"A"
3415,1715,1715,3416,"A"
3416,1715,1715,3415,"B"
3417,1716,1716,3418,"A"
3418,1716,1716,3417,"B"
3419,1717,1717,3420,"A"
3420,1717,1717,3419,"B"
3421,1718,1718,3422,"A"
3422,1718,1718,3421,"B"
3423,1719,1719,3424,"A"
3424,1719,1719,3423,"B"
3425,1720,1720,3426,"B"
3426,1720,1720,3425,"A"
3427,1721,1721,3428,"A"
3428,1721,1721,3427,"B"
3429,1722,1722,3430,"A"
3430,1722,1722,3429,"B"
3435,1725,1725,3436,"B"
3436,1725,1725,3435,"A"
3437,1726,1726,3438,"A"
3438,1726,1726,3437,"B"
3439,1727,1727,3440,"A"
3440,1727,1727,3439,"B"
3443,1729,1729,3444,"B"
3444,1729,1729,3443,"A"
3445,1730,1730,3446,"B"
3446,1730,1730,3445,"A"
3447,1731,1731,3448,"B"
3448,1731,1731,3447,"A"
3449,1732,1732,3450,"B"
3450,1732,1732,3449,"A"
3451,1733,1733,3452,"A"
3452,1733,1733,3451,"B"
3455,1735,1735,3456,"A"
3456,1735,1735,3455,"B"
3457,1736,1736,3458,"B"
3458,1736,1736,3457,"A"
3459,1737,1737,3460,"B"
3460,1737,1737,3459,"A"
3461,1738,1738,3462,"A"
3462,1738,1738,3461,"B"
3463,1739,1739,3464,"B"
3464,1739,1739,3463,"A"
3465,1740,1740,3466,"B"
3466,1740,1740,3465,"A"
3467,1741,1741,3468,"A"
3468,1741,1741,3467,"B"
3469,1742,1742,3470,"A"
3470,1742,1742,3469,"B"
3471,1743,1743,3472,"A"
3472,1743,1743,3471,"B"
3473,1744,1744,3474,"B"
3474,1744,1744,3473,"A"
3475,1745,1745,3476,"B"
3476,1745,1745,3475,"A"
3477,1746,1746,3478,"B"
3478,1746,1746,3477,"A"
3479,1747,1747,3480,"B"
3480,1747,1747,3479,"A"
3481,1748,1748,3482,"B"
3482,1748,1748,3481,"A"
3484,1750,1750,3485,"B"
3485,1750,1750,3484,"A"
3486,1751,1751,3487,"B"
3487,1751,1751,3486,"A"
3488,1752,1752,3489,"A"
3489,1752,1752,3488,"B"
3492,1754,1754,3493,"A"
3493,1754,1754,3492,"B"
3494,1755,1755,3495,"B"
3495,1755,1755,3494,"A"
3496,1756,1756,3497,"B"
3497,1756,1756,3496,"A"
3498,1757,1757,3499,"B"
3499,1757,1757,3498,"A"
3500,1758,1758,3501,"B"
3501,1758,1758,3500,"A"
3502,1759,1759,3503,"B"
3503,1759,1759,3502,"A"
3504,1760,1760,3505,"B"
3505,1760,1760,3504,"A"
3506,1761,1761,3507,"A"
3507,1761,1761,3506,"B"
3508,1762,1762,3509,"A"
3509,1762,1762,3508,"B"
3510,1763,1763,3511,"A"
3511,1763,1763,3510,"B"
3512,1764,1764,3513,"A"
3513,1764,1764,3512,"B"
3514,1765,1765,3515,"B"
3515,1765,1765,3514,"A"
3516,1766,1766,3517,"B"
3517,1766,1766,3516,"A"
3518,1767,1767,3519,"B"
3519,1767,1767,3518,"A"
3520,1768,1768,3521,"B"
3521,1768,1768,3520,"A"
3522,1769,1769,3523,"A"
3523,1769,1769,3522,"B"
3524,1770,1770,3525,"A"
3525,1770,1770,3524,"B"
3526,1771,1771,3527,"B"
3527,1771,1771,3526,"A"
3528,1772,1772,3529,"A"
3529,1772,1772,3528,"B"
3530,1773,1773,3531,"A"
3531,1773,1773,3530,"B"
3532,1774,1774,3533,"A"
3533,1774,1774,3532,"B"
3534,1775,1775,3535,"B"
3535,1775,1775,3534,"A"
3536,1776,1776,3537,"B"
3537,1776,1776,3536,"A"
3538,1777,1777,3539,"A"
3539,1777,1777,3538,"B"
3540,1778,1778,3541,"B"
3541,1778,1778,3540,"A"
3542,1779,1779,3543,"B"
3543,1779,1779,3542,"A"
3544,1780,1780,3545,"A"
3545,1780,1780,3544,"B"
3546,1781,1781,3547,"A"
3547,1781,1781,3546,"B"
3548,1782,1782,3549,"A"
3549,1782,1782,3548,"B"
3550,1783,1783,3551,"B"
3551,1783,1783,3550,"A"
3552,1784,1784,3553,"A"
3553,1784,1784,3552,"B"
3554,1785,1785,3555,"A"
3555,1785,1785,3554,"B"
3556,1786,1786,3557,"A"
3557,1786,1786,3556,"B"
3558,1787,1787,3559,"A"
3559,1787,1787,3558,"B"
3560,1788,1788,3561,"B"
3561,1788,1788,3560,"A"
3564,1790,1790,3565,"A"
3565,1790,1790,3564,"B"
3566,1791,1791,3567,"A"
3567,1791,1791,3566,"B"
3568,1792,1792,3569,"B"
3569,1792,1792,3568,"A"
3570,1793,1793,3571,"A"
3571,1793,1793,3570,"B"
3572,1794,1794,3573,"A"
3573,1794,1794,3572,"B"
3574,1795,1795,3575,"B"
3575,1795,1795,3574,"A"
3576,1796,1796,3577,"B"
3577,1796,1796,3576,"A"
3578,1797,1797,3579,"B"
3579,1797,1797,3578,"A"
3580,1798,1798,3581,"A"
3581,1798,1798,3580,"B"
3582,1799,1799,3583,"B"
3583,1799,1799,3582,"A"
3584,1800,1800,3585,"A"
3585,1800,1800,3584,"B"
3586,1801,1801,3587,"B"
3587,1801,1801,3586,"A"
3590,1803,1803,3591,"B"
3591,1803,1803,3590,"A"
3592,1804,1804,3593,"B"
3593,1804,1804,3592,"A"
3594,1805,1805,3595,"A"
3595,1805,1805,3594,"B"
3596,1806,1806,3597,"B"
3597,1806,1806,3596,"A"
3598,1807,1807,3599,"A"
3599,1807,1807,3598,"B"
3600,1808,1808,3601,"A"
3601,1808,1808,3600,"B"
3602,1809,1809,3603,"B"
3603,1809,1809,3602,"A"
3604,1810,1810,3605,"A"
3605,1810,1810,3604,"B"
3606,1811,1811,3607,"B"
3607,1811,1811,3606,"A"
3608,1812,1812,3609,"B"
3609,1812,1812,3608,"A"
3610,1813,1813,3611,"A"
3611,1813,1813,3610,"B"
3612,1814,1814,3613,"B"
3613,1814,1814,3612,"A"
3614,1815,1815,3615,"B"
3615,1815,1815,3614,"A"
3616,1816,1816,3617,"B"
3617,1816,1816,3616,"A"
3618,1817,1817,3619,"A"
3619,1817,1817,3618,"B"
3620,1818,1818,3621,"A"
3621,1818,1818,3620,"B"
3622,1819,1819,3623,"B"
3623,1819,1819,3622,"A"
3624,1820,1820,3625,"A"
3625,1820,1820,3624,"B"
3626,1821,1821,3627,"A"
3627,1821,1821,3626,"B"
3628,1822,1822,3629,"A"
3629,1822,1822,3628,"B"
3630,1823,1823,3631,"A"
3631,1823,1823,3630,"B"
3632,1824,1824,3633,"A"
3633,1824,1824,3632,"B"
3634,1825,1825,3635,"B"
3635,1825,1825,3634,"A"
3636,1826,1826,3637,"A"
3637,1826,1826,3636,"B"
3638,1827,1827,3639,"B"
3639,1827,1827,3638,"A"
3640,1828,1828,3641,"B"
3641,1828,1828,3640,"A"
3642,1829,1829,3643,"B"
3643,1829,1829,3642,"A"
3644,1830,1830,3645,"A"
3645,1830,1830,3644,"B"
3646,1831,1831,3647,"A"
3647,1831,1831,3646,"B"
3648,1832,1832,3649,"B"
3649,1832,1832,3648,"A"
3650,1833,1833,3651,"B"
3651,1833,1833,3650,"A"
3652,1834,1834,3653,"A"
3653,1834,1834,3652,"B"
3654,1835,1835,3655,"A"
3655,1835,1835,3654,"B"
3656,1836,1836,3657,"B"
3657,1836,1836,3656,"A"
3658,1837,1837,3659,"A"
3659,1837,1837,3658,"B"
3660,1838,1838,3661,"B"
3661,1838,1838,3660,"A"
3662,1839,1839,3663,"A"
3663,1839,1839,3662,"B"
3664,1840,1840,3665,"A"
3665,1840,1840,3664,"B"
3666,1841,1841,3667,"A"
3667,1841,1841,3666,"B"
3668,1842,1842,3669,"B"
3669,1842,1842,3668,"A"
3670,1843,1843,3671,"A"
3671,1843,1843,3670,"B"
3672,1844,1844,3673,"B"
3673,1844,1844,3672,"A"
3674,1845,1845,3675,"B"
3675,1845,1845,3674,"A"
3676,1846,1846,3677,"A"
3677,1846,1846,3676,"B"
3678,1847,1847,3679,"A"
3679,1847,1847,3678,"B"
3680,1848,1848,3681,"A"
3681,1848,1848,3680,"B"
3682,1849,1849,3683,"B"
3683,1849,1849,3682,"A"
3684,1850,1850,3685,"A"
3685,1850,1850,3684,"B"
3686,1851,1851,3687,"A"
3687,1851,1851,3686,"B"
3688,1852,1852,3689,"B"
3689,1852,1852,3688,"A"
3690,1853,1853,3691,"B"
3691,1853,1853,3690,"A"
3692,1854,1854,3693,"A"
3693,1854,1854,3692,"B"
3694,1855,1855,3695,"B"
3695,1855,1855,3694,"A"
3696,1856,1856,3697,"B"
3697,1856,1856,3696,"A"
3698,1857,1857,3699,"A"
3699,1857,1857,3698,"B"
3700,1858,1858,3701,"A"
3701,1858,1858,3700,"B"
3702,1859,1859,3703,"A"
3703,1859,1859,3702,"B"
3704,1860,1860,3705,"A"
3705,1860,1860,3704,"B"
3706,1861,1861,3707,"A"
3707,1861,1861,3706,"B"
3708,1862,1862,3709,"A"
3709,1862,1862,3708,"B"
3710,1863,1863,3711,"B"
3711,1863,1863,3710,"A"
3712,1864,1864,3713,"B"
3713,1864,1864,3712,"A"
3714,1865,1865,3715,"A"
3715,1865,1865,3714,"B"
3716,1866,1866,3717,"A"
3717,1866,1866,3716,"B"
3718,1867,1867,3719,"A"
3719,1867,1867,3718,"B"
3720,1868,1868,3721,"A"
3721,1868,1868,3720,"B"
3722,1869,1869,3723,"A"
3723,1869,1869,3722,"B"
3724,1870,1870,3725,"A"
3725,1870,1870,3724,"B"
3726,1871,1871,3727,"B"
3727,1871,1871,3726,"A"
3728,1872,1872,3729,"A"
3729,1872,1872,3728,"B"
3730,1873,1873,3731,"A"
3731,1873,1873,3730,"B"
3732,1874,1874,3733,"B"
3733,1874,1874,3732,"A"
3734,1875,1875,3735,"B"
3735,1875,1875,3734,"A"
3736,1876,1876,3737,"B"
3737,1876,1876,3736,"A"
3738,1877,1877,3739,"A"
3739,1877,1877,3738,"B"
3740,1878,1878,3741,"B"
3741,1878,1878,3740,"A"
3742,1879,1879,3743,"A"
3743,1879,1879,3742,"B"
3746,1881,1881,3747,"A"
3747,1881,1881,3746,"B"
3748,1882,1882,3749,"B"
3749,1882,1882,3748,"A"
3750,1883,1883,3751,"A"
3751,1883,1883,3750,"B"
3752,1884,1884,3753,"B"
3753,1884,1884,3752,"A"
3754,1885,1885,3755,"B"
3755,1885,1885,3754,"A"
3756,1886,1886,3757,"A"
3757,1886,1886,3756,"B"
3758,1887,1887,3759,"A"
3759,1887,1887,3758,"B"
3760,1888,1888,3761,"A"
3761,1888,1888,3760,"B"
3762,1889,1889,3763,"A"
3763,1889,1889,3762,"B"
3764,1890,1890,3765,"B"
3765,1890,1890,3764,"A"
3766,1891,1891,3767,"B"
3767,1891,1891,3766,"A"
3768,1892,1892,3769,"A"
3769,1892,1892,3768,"B"
3770,1893,1893,3771,"B"
3771,1893,1893,3770,"A"
3772,1894,1894,3773,"B"
3773,1894,1894,3772,"A"
3774,1895,1895,3775,"B"
3775,1895,1895,3774,"A"
3776,1896,1896,3777,"B"
3777,1896,1896,3776,"A"
3778,1897,1897,3779,"B"
3779,1897,1897,3778,"A"
3780,1898,1898,3781,"A"
3781,1898,1898,3780,"B"
3782,1899,1899,3783,"A"
3783,1899,1899,3782,"B"
3784,1900,1900,3785,"B"
3785,1900,1900,3784,"A"
3786,1901,1901,3787,"B"
3787,1901,1901,3786,"A"
3788,1902,1902,3789,"B"
3789,1902,1902,3788,"A"
3790,1903,1903,3791,"B"
3791,1903,1903,3790,"A"
3792,1904,1904,3793,"B"
3793,1904,1904,3792,"A"
3794,1905,1905,3795,"A"
3795,1905,1905,3794,"B"
3798,1907,1907,3799,"A"
3799,1907,1907,3798,"B"
3802,1909,1909,3803,"A"
3803,1909,1909,3802,"B"
3804,1910,1910,3805,"A"
3805,1910,1910,3804,"B"
3806,1911,1911,3807,"B"
3807,1911,1911,3806,"A"
3808,1912,1912,3809,"B"
3809,1912,1912,3808,"A"
3810,1913,1913,3811,"A"
3811,1913,1913,3810,"B"
3812,1914,1914,3813,"B"
3813,1914,1914,3812,"A"
3814,1915,1915,3815,"A"
3815,1915,1915,3814,"B"
3816,1916,1916,3817,"A"
3817,1916,1916,3816,"B"
3818,1917,1917,3819,"B"
3819,1917,1917,3818,"A"
3820,1918,1918,3821,"B"
3821,1918,1918,3820,"A"
3822,1919,1919,3823,"A"
3823,1919,1919,3822,"B"
3824,1920,1920,3825,"A"
3825,1920,1920,3824,"B"
3826,1921,1921,3827,"B"
3827,1921,1921,3826,"A"
3828,1922,1922,3829,"A"
3829,1922,1922,3828,"B"
3830,1923,1923,3831,"A"
3831,1923,1923,3830,"B"
3832,1924,1924,3833,"B"
3833,1924,1924,3832,"A"
3834,1925,1925,3835,"A"
3835,1925,1925,3834,"B"
3836,1926,1926,3837,"B"
3837,1926,1926,3836,"A"
3838,1927,1927,3839,"A"
3839,1927,1927,3838,"B"
3840,1928,1928,3841,"B"
3841,1928,1928,3840,"A"
3842,1929,1929,3843,"B"
3843,1929,1929,3842,"A"
3844,1930,1930,3845,"A"
3845,1930,1930,3844,"B"
3846,1931,1931,3847,"B"
3847,1931,1931,3846,"A"
3848,1932,1932,3849,"A"
3849,1932,1932,3848,"B"
3850,1933,1933,3851,"B"
3851,1933,1933,3850,"A"
3852,1934,1934,3853,"B"
3853,1934,1934,3852,"A"
3854,1935,1935,3855,"A"
3855,1935,1935,3854,"B"
3856,1936,1936,3857,"B"
3857,1936,1936,3856,"A"
3858,1937,1937,3859,"B"
3859,1937,1937,3858,"A"
3860,1938,1938,3861,"B"
3861,1938,1938,3860,"A"
3862,1939,1939,3863,"A"
3863,1939,1939,3862,"B"
3864,1940,1940,3865,"A"
3865,1940,1940,3864,"B"
3866,1941,1941,3867,"A"
3867,1941,1941,3866,"B"
3868,1942,1942,3869,"A"
3869,1942,1942,3868,"B"
3870,1943,1943,3871,"B"
3871,1943,1943,3870,"A"
3872,1944,1944,3873,"B"
3873,1944,1944,3872,"A"
3874,1945,1945,3875,"A"
3875,1945,1945,3874,"B"
3876,1946,1946,3877,"B"
3877,1946,1946,3876,"A"
3878,1947,1947,3879,"B"
3879,1947,1947,3878,"A"
3880,1948,1948,3881,"A"
3881,1948,1948,3880,"B"
3882,1949,1949,3883,"A"
3883,1949,1949,3882,"B"
3884,1950,1950,3885,"A"
3885,1950,1950,3884,"B"
3888,1952,1952,3889,"B"
3889,1952,1952,3888,"A"
3890,1953,1953,3891,"A"
3891,1953,1953,3890,"B"
3892,1954,1954,3893,"A"
3893,1954,1954,3892,"B"
3894,1955,1955,3895,"A"
3895,1955,1955,3894,"B"
3896,1956,1956,3897,"A"
3897,1956,1956,3896,"B"
3898,1957,1957,3899,"B"
3899,1957,1957,3898,"A"
3900,1958,1958,3901,"A"
3901,1958,1958,3900,"B"
3902,1959,1959,3903,"B"
3903,1959,1959,3902,"A"
3904,1960,1960,3905,"B"
3905,1960,1960,3904,"A"
3906,1961,1961,3907,"B"
3907,1961,1961,3906,"A"
3908,1962,1962,3909,"A"
3909,1962,1962,3908,"B"
3910,1963,1963,3911,"A"
3911,1963,1963,3910,"B"
3912,1964,1964,3913,"B"
3913,1964,1964,3912,"A"
3914,1965,1965,3915,"B"
3915,1965,1965,3914,"A"
3916,1966,1966,3917,"A"
3917,1966,1966,3916,"B"
3918,1967,1967,3919,"B"
3919,1967,1967,3918,"A"
3920,1968,1968,3921,"B"
3921,1968,1968,3920,"A"
3922,1969,1969,3923,"B"
3923,1969,1969,3922,"A"
3924,1970,1970,3925,"B"
3925,1970,1970,3924,"A"
3926,1971,1971,3927,"A"
3927,1971,1971,3926,"B"
3930,1973,1973,3931,"A"
3931,1973,1973,3930,"B"
3932,1974,1974,3933,"A"
3933,1974,1974,3932,"B"
3934,1975,1975,3935,"A"
3935,1975,1975,3934,"B"
3938,1977,1977,3939,"B"
3939,1977,1977,3938,"A"
3942,1979,1979,3943,"B"
3943,1979,1979,3942,"A"
3944,1980,1980,3945,"B"
3945,1980,1980,3944,"A"
3948,1982,1982,3949,"B"
3949,1982,1982,3948,"A"
3950,1983,1983,3951,"A"
3951,1983,1983,3950,"B"
3952,1984,1984,3953,"B"
3953,1984,1984,3952,"A"
3954,1985,1985,3955,"B"
3955,1985,1985,3954,"A"
3956,1986,1986,3957,"A"
3957,1986,1986,3956,"B"
3958,1987,1987,3959,"B"
3959,1987,1987,3958,"A"
3964,1990,1990,3965,"B"
3965,1990,1990,3964,"A"
3966,1991,1991,3967,"B"
3967,1991,1991,3966,"A"
3968,1992,1992,3969,"A"
3969,1992,1992,3968,"B"
3970,1993,1993,3971,"B"
3971,1993,1993,3970,"A"
3972,1994,1994,3973,"B"
3973,1994,1994,3972,"A"
3974,1995,1995,3975,"A"
3975,1995,1995,3974,"B"
3976,1996,1996,3977,"B"
3977,1996,1996,3976,"A"
3978,1997,1997,3979,"A"
3979,1997,1997,3978,"B"
3980,1998,1998,3981,"B"
3981,1998,1998,3980,"A"
3982,1999,1999,3983,"A"
3983,1999,1999,3982,"B"
3984,2000,2000,3985,"B"
3985,2000,2000,3984,"A"
3986,2001,2001,3987,"B"
3987,2001,2001,3986,"A"
3988,2002,2002,3989,"A"
3989,2002,2002,3988,"B"
3990,2003,2003,3991,"A"
3991,2003,2003,3990,"B"
3992,2004,2004,3993,"A"
3993,2004,2004,3992,"B"
3994,2005,2005,3995,"B"
3995,2005,2005,3994,"A"
3996,2006,2006,3997,"A"
3997,2006,2006,3996,"B"
3998,2007,2007,3999,"A"
3999,2007,2007,3998,"B"
4000,2008,2008,4001,"B"
4001,2008,2008,4000,"A"
4002,2009,2009,4003,"A"
4003,2009,2009,4002,"B"
4004,2010,2010,4005,"B"
4005,2010,2010,4004,"A"
4006,2011,2011,4007,"B"
4007,2011,2011,4006,"A"
4008,2012,2012,4009,"A"
4009,2012,2012,4008,"B"
4010,2013,2013,4011,"B"
4011,2013,2013,4010,"A"
4012,2014,2014,4013,"B"
4013,2014,2014,4012,"A"
4014,2015,2015,4015,"B"
4015,2015,2015,4014,"A"
4016,2016,2016,4017,"A"
4017,2016,2016,4016,"B"
4018,2017,2017,4019,"A"
4019,2017,2017,4018,"B"
4020,2018,2018,4021,"A"
4021,2018,2018,4020,"B"
4022,2019,2019,4023,"A"
4023,2019,2019,4022,"B"
4024,2020,2020,4025,"A"
4025,2020,2020,4024,"B"
4026,2021,2021,4027,"A"
4027,2021,2021,4026,"B"
4028,2022,2022,4029,"B"
4029,2022,2022,4028,"A"
4030,2023,2023,4031,"A"
4031,2023,2023,4030,"B"
4032,2024,2024,4033,"B"
4033,2024,2024,4032,"A"
4034,2025,2025,4035,"A"
4035,2025,2025,4034,"B"
4036,2026,2026,4037,"B"
4037,2026,2026,4036,"A"
4038,2027,2027,4039,"B"
4039,2027,2027,4038,"A"
4040,2028,2028,4041,"B"
4041,2028,2028,4040,"A"
4042,2029,2029,4043,"B"
4043,2029,2029,4042,"A"
4044,2030,2030,4045,"A"
4045,2030,2030,4044,"B"
4046,2031,2031,4047,"B"
4047,2031,2031,4046,"A"
4048,2032,2032,4049,"A"
4049,2032,2032,4048,"B"
4050,2033,2033,4051,"A"
4051,2033,2033,4050,"B"
4052,2034,2034,4053,"A"
4053,2034,2034,4052,"B"
4054,2035,2035,4055,"A"
4055,2035,2035,4054,"B"
4056,2036,2036,4057,"A"
4057,2036,2036,4056,"B"
4058,2037,2037,4059,"B"
4059,2037,2037,4058,"A"
4060,2038,2038,4061,"B"
4061,2038,2038,4060,"A"
4062,2039,2039,4063,"B"
4063,2039,2039,4062,"A"
4064,2040,2040,4065,"A"
4065,2040,2040,4064,"B"
4066,2041,2041,4067,"B"
4067,2041,2041,4066,"A"
4068,2042,2042,4069,"A"
4069,2042,2042,4068,"B"
4070,2043,2043,4071,"A"
4071,2043,2043,4070,"B"
4072,2044,2044,4073,"A"
4073,2044,2044,4072,"B"
4074,2045,2045,4075,"B"
4075,2045,2045,4074,"A"
4076,2046,2046,4077,"B"
4077,2046,2046,4076,"A"
4078,2047,2047,4079,"A"
4079,2047,2047,4078,"B"
4084,2050,2050,4085,"B"
4085,2050,2050,4084,"A"
4086,2051,2051,4087,"B"
4087,2051,2051,4086,"A"
4088,2052,2052,4089,"A"
4089,2052,2052,4088,"B"
4090,2053,2053,4091,"B"
4091,2053,2053,4090,"A"
4092,2054,2054,4093,"B"
4093,2054,2054,4092,"A"
4094,2055,2055,4095,"B"
4095,2055,2055,4094,"A"
4096,2056,2056,4097,"B"
4097,2056,2056,4096,"A"
4100,2058,2058,4101,"A"
4101,2058,2058,4100,"B"
4102,2059,2059,4103,"B"
4103,2059,2059,4102,"A"
4104,2060,2060,4105,"A"
4105,2060,2060,4104,"B"
4106,2061,2061,4107,"A"
4107,2061,2061,4106,"B"
4108,2062,2062,4109,"B"
4109,2062,2062,4108,"A"
4110,2063,2063,4111,"B"
4111,2063,2063,4110,"A"
4112,2064,2064,4113,"A"
4113,2064,2064,4112,"B"
4114,2065,2065,4115,"B"
4115,2065,2065,4114,"A"
4116,2066,2066,4117,"A"
4117,2066,2066,4116,"B"
4118,2067,2067,4119,"A"
4119,2067,2067,4118,"B"
4120,2068,2068,4121,"A"
4121,2068,2068,4120,"B"
4122,2069,2069,4123,"B"
4123,2069,2069,4122,"A"
4124,2070,2070,4125,"B"
4125,2070,2070,4124,"A"
4126,2071,2071,4127,"B"
4127,2071,2071,4126,"A"
4128,2072,2072,4129,"B"
4129,2072,2072,4128,"A"
4130,2073,2073,4131,"B"
4131,2073,2073,4130,"A"
4132,2074,2074,4133,"A"
4133,2074,2074,4132,"B"
4134,2075,2075,4135,"B"
4135,2075,2075,4134,"A"
4136,2076,2076,4137,"A"
4137,2076,2076,4136,"B"
4138,2077,2077,4139,"A"
4139,2077,2077,4138,"B"
4140,2078,2078,4141,"B"
4141,2078,2078,4140,"A"
4142,2079,2079,4143,"A"
4143,2079,2079,4142,"B"
4144,2080,2080,4145,"A"
4145,2080,2080,4144,"B"
4146,2081,2081,4147,"B"
4147,2081,2081,4146,"A"
4148,2082,2082,4149,"A"
4149,2082,2082,4148,"B"
4150,2083,2083,4151,"A"
4151,2083,2083,4150,"B"
4152,2084,2084,4153,"B"
4153,2084,2084,4152,"A"
4154,2085,2085,4155,"A"
4155,2085,2085,4154,"B"
4156,2086,2086,4157,"A"
4157,2086,2086,4156,"B"
4158,2087,2087,4159,"A"
4159,2087,2087,4158,"B"
4160,2088,2088,4161,"B"
4161,2088,2088,4160,"A"
4162,2089,2089,4163,"B"
4163,2089,2089,4162,"A"
4164,2090,2090,4165,"A"
4165,2090,2090,4164,"B"
4166,2091,2091,4167,"B"
4167,2091,2091,4166,"A"
4168,2092,2092,4169,"A"
4169,2092,2092,4168,"B"
4170,2093,2093,4171,"A"
4171,2093,2093,4170,"B"
4172,2094,2094,4173,"A"
4173,2094,2094,4172,"B"
4174,2095,2095,4175,"B"
4175,2095,2095,4174,"A"
4176,2096,2096,4177,"A"
4177,2096,2096,4176,"B"
4178,2097,2097,4179,"B"
4179,2097,2097,4178,"A"
4180,2098,2098,4181,"A"
4181,2098,2098,4180,"B"
4182,2099,2099,4183,"A"
4183,2099,2099,4182,"B"
4184,2100,2100,4185,"A"
4185,2100,2100,4184,"B"
4186,2101,2101,4187,"A"
4187,2101,2101,4186,"B"
4188,2102,2102,4189,"A"
4189,2102,2102,4188,"B"
4190,2103,2103,4191,"B"
4191,2103,2103,4190,"A"
4192,2104,2104,4193,"B"
4193,2104,2104,4192,"A"
4194,2105,2105,4195,"A"
4195,2105,2105,4194,"B"
4196,2106,2106,4197,"B"
4197,2106,2106,4196,"A"
4198,2107,2107,4199,"B"
4199,2107,2107,4198,"A"
4200,2108,2108,4201,"B"
4201,2108,2108,4200,"A"
4202,2109,2109,4203,"A"
4203,2109,2109,4202,"B"
4204,2110,2110,4205,"A"
4205,2110,2110,4204,"B"
4206,2111,2111,4207,"A"
4207,2111,2111,4206,"B"
4208,2112,2112,4209,"A"
4209,2112,2112,4208,"B"
4210,2113,2113,4211,"A"
4211,2113,2113,4210,"B"
4212,2114,2114,4213,"B"
4213,2114,2114,4212,"A"
4214,2115,2115,4215,"B"
4215,2115,2115,4214,"A"
4216,2116,2116,4217,"B"
4217,2116,2116,4216,"A"
4220,2118,2118,4221,"B"
4221,2118,2118,4220,"A"
4222,2119,2119,4223,"B"
4223,2119,2119,4222,"A"
4224,2120,2120,4225,"B"
4225,2120,2120,4224,"A"
4226,2121,2121,4227,"A"
4227,2121,2121,4226,"B"
4228,2122,2122,4229,"B"
4229,2122,2122,4228,"A"
4230,2123,2123,4231,"B"
4231,2123,2123,4230,"A"
4232,2124,2124,4233,"B"
4233,2124,2124,4232,"A"
4234,2125,2125,4235,"B"
4235,2125,2125,4234,"A"
4236,2126,2126,4237,"B"
4237,2126,2126,4236,"A"
4240,2128,2128,4241,"A"
4241,2128,2128,4240,"B"
4242,2129,2129,4243,"B"
4243,2129,2129,4242,"A"
4244,2130,2130,4245,"A"
4245,2130,2130,4244,"B"
4246,2131,2131,4247,"B"
4247,2131,2131,4246,"A"
4248,2132,2132,4249,"A"
4249,2132,2132,4248,"B"
4250,2133,2133,4251,"B"
4251,2133,2133,4250,"A"
4252,2134,2134,4253,"B"
4253,2134,2134,4252,"A"
4254,2135,2135,4255,"A"
4255,2135,2135,4254,"B"
4256,2136,2136,4257,"A"
4257,2136,2136,4256,"B"
4258,2137,2137,4259,"A"
4259,2137,2137,4258,"B"
4260,2138,2138,4261,"A"
4261,2138,2138,4260,"B"
4262,2139,2139,4263,"B"
4263,2139,2139,4262,"A"
4264,2140,2140,4265,"A"
4265,2140,2140,4264,"B"
4266,2141,2141,4267,"A"
4267,2141,2141,4266,"B"
4268,2142,2142,4269,"A"
4269,2142,2142,4268,"B"
4270,2143,2143,4271,"B"
4271,2143,2143,4270,"A"
4272,2144,2144,4273,"B"
4273,2144,2144,4272,"A"
4274,2145,2145,4275,"B"
4275,2145,2145,4274,"A"
4276,2146,2146,4277,"B"
4277,2146,2146,4276,"A"
4278,2147,2147,4279,"B"
4279,2147,2147,4278,"A"
4280,2148,2148,4281,"A"
4281,2148,2148,4280,"B"
4282,2149,2149,4283,"A"
4283,2149,2149,4282,"B"
4284,2150,2150,4285,"B"
4285,2150,2150,4284,"A"
4286,2151,2151,4287,"B"
4287,2151,2151,4286,"A"
4288,2152,2152,4289,"B"
4289,2152,2152,4288,"A"
4290,2153,2153,4291,"A"
4291,2153,2153,4290,"B"
4292,2154,2154,4293,"B"
4293,2154,2154,4292,"A"
4294,2155,2155,4295,"A"
4295,2155,2155,4294,"B"
4296,2156,2156,4297,"A"
4297,2156,2156,4296,"B"
4298,2157,2157,4299,"B"
4299,2157,2157,4298,"A"
4300,2158,2158,4301,"A"
4301,2158,2158,4300,"B"
4302,2159,2159,4303,"B"
4303,2159,2159,4302,"A"
4304,2160,2160,4305,"A"
4305,2160,2160,4304,"B"
4306,2161,2161,4307,"A"
4307,2161,2161,4306,"B"
4308,2162,2162,4309,"B"
4309,2162,2162,4308,"A"
4310,2163,2163,4311,"A"
4311,2163,2163,4310,"B"
4314,2165,2165,4315,"A"
4315,2165,2165,4314,"B"
4316,2166,2166,4317,"B"
4317,2166,2166,4316,"A"
4318,2167,2167,4319,"A"
4319,2167,2167,4318,"B"
4320,2168,2168,4321,"A"
4321,2168,2168,4320,"B"
4322,2169,2169,4323,"A"
4323,2169,2169,4322,"B"
4324,2170,2170,4325,"B"
4325,2170,2170,4324,"A"
4326,2171,2171,4327,"B"
4327,2171,2171,4326,"A"
4328,2172,2172,4329,"B"
4329,2172,2172,4328,"A"
4330,2173,2173,4331,"A"
4331,2173,2173,4330,"B"
4334,2175,2175,4335,"A"
4335,2175,2175,4334,"B"
4336,2176,2176,4337,"B"
4337,2176,2176,4336,"A"
4338,2177,2177,4339,"B"
4339,2177,2177,4338,"A"
4342,2179,2179,4343,"B"
4343,2179,2179,4342,"A"
4344,2180,2180,4345,"A"
4345,2180,2180,4344,"B"
4346,2181,2181,4347,"B"
4347,2181,2181,4346,"A"
4348,2182,2182,4349,"A"
4349,2182,2182,4348,"B"
4350,2183,2183,4351,"A"
4351,2183,2183,4350,"B"
4352,2184,2184,4353,"B"
4353,2184,2184,4352,"A"
4354,2185,2185,4355,"B"
4355,2185,2185,4354,"A"
4356,2186,2186,4357,"A"
4357,2186,2186,4356,"B"
4358,2187,2187,4359,"A"
4359,2187,2187,4358,"B"
4360,2188,2188,4361,"B"
4361,2188,2188,4360,"A"
4362,2189,2189,4363,"A"
4363,2189,2189,4362,"B"
4364,2190,2190,4365,"B"
4365,2190,2190,4364,"A"
4366,2191,2191,4367,"A"
4367,2191,2191,4366,"B"
4368,2192,2192,4369,"B"
4369,2192,2192,4368,"A"
4370,2193,2193,4371,"B"
4371,2193,2193,4370,"A"
4372,2194,2194,4373,"B"
4373,2194,2194,4372,"A"
4374,2195,2195,4375,"B"
4375,2195,2195,4374,"A"
4376,2196,2196,4377,"B"
4377,2196,2196,4376,"A"
4378,2197,2197,4379,"A"
4379,2197,2197,4378,"B"
4380,2198,2198,4381,"A"
4381,2198,2198,4380,"B"
4382,2199,2199,4383,"B"
4383,2199,2199,4382,"A"
4384,2200,2200,4385,"B"
4385,2200,2200,4384,"A"
4388,2202,2202,4389,"B"
4389,2202,2202,4388,"A"
4390,2203,2203,4391,"A"
4391,2203,2203,4390,"B"
4392,2204,2204,4393,"B"
4393,2204,2204,4392,"A"
4394,2205,2205,4395,"B"
4395,2205,2205,4394,"A"
4398,2207,2207,4399,"A"
4399,2207,2207,4398,"B"
4402,2209,2209,4403,"A"
4403,2209,2209,4402,"B"
4404,2210,2210,4405,"B"
4405,2210,2210,4404,"A"
4406,2211,2211,4407,"A"
4407,2211,2211,4406,"B"
4408,2212,2212,4409,"A"
4409,2212,2212,4408,"B"
4410,2213,2213,4411,"A"
4411,2213,2213,4410,"B"
4412,2214,2214,4413,"B"
4413,2214,2214,4412,"A"
4414,2215,2215,4415,"A"
4415,2215,2215,4414,"B"
4416,2216,2216,4417,"A"
4417,2216,2216,4416,"B"
4418,2217,2217,4419,"B"
4419,2217,2217,4418,"A"
4420,2218,2218,4421,"A"
4421,2218,2218,4420,"B"
4422,2219,2219,4423,"A"
4423,2219,2219,4422,"B"
4424,2220,2220,4425,"A"
4425,2220,2220,4424,"B"
4426,2221,2221,4427,"A"
4427,2221,2221,4426,"B"
4428,2222,2222,4429,"A"
4429,2222,2222,4428,"B"
4430,2223,2223,4431,"A"
4431,2223,2223,4430,"B"
4432,2224,2224,4433,"B"
4433,2224,2224,4432,"A"
4434,2225,2225,4435,"A"
4435,2225,2225,4434,"B"
4436,2226,2226,4437,"B"
4437,2226,2226,4436,"A"
4440,2228,2228,4441,"B"
4441,2228,2228,4440,"A"
4444,2230,2230,4445,"B"
4445,2230,2230,4444,"A"
4446,2231,2231,4447,"A"
4447,2231,2231,4446,"B"
4448,2232,2232,4449,"B"
4449,2232,2232,4448,"A"
4724,2370,5062,7417,"A"
4725,2370,5062,7416,"B"
4734,2375,5067,7427,"A"
4735,2375,5067,7426,"B"
4742,2379,5071,7435,"A"
4743,2379,5071,7434,"B"
4746,2381,5073,7439,"A"
4747,2381,5073,7438,"B"
4762,2389,5081,7455,"A"
4763,2389,5081,7454,"B"
4764,2390,5082,7457,"A"
4765,2390,5082,7456,"B"
4786,2401,6565,8951,"A"
4787,2401,6565,8950,"B"
4792,2404,6568,8957,"B"
4793,2404,6568,8956,"A"
4796,2406,6570,8961,"B"
4797,2406,6570,8960,"A"
4802,2409,6573,8967,"A"
4803,2409,6573,8966,"B"
4806,2411,6575,8971,"B"
4807,2411,6575,8970,"A"
4808,2412,6576,8973,"B"
4809,2412,6576,8972,"A"
4810,2413,6577,8975,"A"
4811,2413,6577,8974,"B"
4820,2418,6584,8987,"B"
4821,2418,6584,8986,"A"
4824,2420,6588,8993,"B"
4825,2420,6588,8992,"A"
4826,2421,6590,8996,"A"
4827,2421,6590,8995,"B"
4836,2426,6597,9008,"B"
4837,2426,6597,9007,"A"
4840,2428,6599,9012,"B"
4841,2428,6599,9011,"A"
4844,2430,6601,9016,"B"
4845,2430,6601,9015,"A"
4846,2431,6602,9018,"A"
4847,2431,6602,9017,"B"
4850,2433,6604,9022,"A"
4851,2433,6604,9021,"B"
4852,2434,6605,9024,"B"
4853,2434,6605,9023,"A"
4856,2436,6607,9028,"B"
4857,2436,6607,9027,"A"
4858,2437,6608,9030,"B"
4859,2437,6608,9029,"A"
4860,2438,6609,9032,"A"
4861,2438,6609,9031,"B"
4862,2439,6610,9034,"B"
4863,2439,6610,9033,"A"
4864,2440,6611,9036,"B"
4865,2440,6611,9035,"A"
4866,2441,6612,9038,"B"
4867,2441,6612,9037,"A"
4870,2443,6614,9042,"B"
4871,2443,6614,9041,"A"
4872,2444,6615,9044,"A"
4873,2444,6615,9043,"B"
4874,2445,6616,9046,"A"
4875,2445,6616,9045,"B"
4876,2446,6617,9048,"A"
4877,2446,6617,9047,"B"
4878,2447,6618,9050,"B"
4879,2447,6618,9049,"A"
4880,2448,6619,9052,"B"
4881,2448,6619,9051,"A"
4882,2449,6620,9054,"B"
4883,2449,6620,9053,"A"
4884,2450,6621,9056,"B"
4885,2450,6621,9055,"A"
4886,2451,6622,9058,"A"
4887,2451,6622,9057,"B"
4888,2452,6623,9060,"A"
4889,2452,6623,9059,"B"
4890,2453,6624,9062,"B"
4891,2453,6624,9061,"A"
4892,2454,6625,9064,"B"
4893,2454,6625,9063,"A"
4894,2455,6626,9066,"B"
4895,2455,6626,9065,"A"
4896,2456,6627,9068,"A"
4897,2456,6627,9067,"B"
4900,2458,6629,9072,"A"
4901,2458,6629,9071,"B"
4902,2459,6630,9074,"A"
4903,2459,6630,9073,"B"
4904,2460,6631,9076,"A"
4905,2460,6631,9075,"B"
4906,2461,6632,9078,"A"
4907,2461,6632,9077,"B"
4908,2462,6633,9080,"A"
4909,2462,6633,9079,"B"
4910,2463,6634,9082,"A"
4911,2463,6634,9081,"B"
4912,2464,6635,9084,"B"
4913,2464,6635,9083,"A"
4914,2465,6636,9086,"B"
4915,2465,6636,9085,"A"
4916,2466,6637,9088,"A"
4917,2466,6637,9087,"B"
4918,2467,6638,9090,"B"
4919,2467,6638,9089,"A"
4920,2468,6639,9092,"A"
4921,2468,6639,9091,"B"
4922,2469,6640,9094,"A"
4923,2469,6640,9093,"B"
4924,2470,6641,9096,"B"
4925,2470,6641,9095,"A"
4926,2471,6642,9098,"A"
4927,2471,6642,9097,"B"
4928,2472,6643,9100,"B"
4929,2472,6643,9099,"A"
4930,2473,6644,9102,"B"
4931,2473,6644,9101,"A"
4932,2474,6645,9104,"A"
4933,2474,6645,9103,"B"
4934,2475,6646,9106,"A"
4935,2475,6646,9105,"B"
4936,2476,6647,9108,"B"
4937,2476,6647,9107,"A"
4938,2477,6648,9110,"B"
4939,2477,6648,9109,"A"
4940,2478,6649,9112,"B"
4941,2478,6649,9111,"A"
4942,2479,6650,9114,"A"
4943,2479,6650,9113,"B"
4944,2480,6651,9116,"B"
4945,2480,6651,9115,"A"
4946,2481,6652,9118,"B"
4947,2481,6652,9117,"A"
4948,2482,6653,9120,"B"
4949,2482,6653,9119,"A"
4950,2483,6654,9122,"A"
4951,2483,6654,9121,"B"
4952,2484,6655,9124,"B"
4953,2484,6655,9123,"A"
4954,2485,6656,9126,"A"
4955,2485,6656,9125,"B"
4956,2486,6657,9128,"B"
4957,2486,6657,9127,"A"
4958,2487,6658,9130,"A"
4959,2487,6658,9129,"B"
4960,2488,6659,9132,"B"
4961,2488,6659,9131,"A"
4962,2489,6660,9134,"B"
4963,2489,6660,9133,"A"
4964,2490,6661,9136,"A"
4965,2490,6661,9135,"B"
4966,2491,6662,9138,"B"
4967,2491,6662,9137,"A"
4968,2492,6663,9140,"A"
4969,2492,6663,9139,"B"
4970,2493,6664,9142,"A"
4971,2493,6664,9141,"B"
4972,2494,6665,9144,"B"
4973,2494,6665,9143,"A"
4974,2495,6666,9146,"B"
4975,2495,6666,9145,"A"
4976,2496,6667,9148,"A"
4977,2496,6667,9147,"B"
4978,2497,6668,9150,"B"
4979,2497,6668,9149,"A"
4980,2498,6669,9152,"A"
4981,2498,6669,9151,"B"
4982,2499,6670,9154,"B"
4983,2499,6670,9153,"A"
4984,2500,6671,9156,"B"
4985,2500,6671,9155,"A"
4986,2501,6672,9158,"B"
4987,2501,6672,9157,"A"
4988,2502,6673,9160,"A"
4989,2502,6673,9159,"B"
4990,2503,6674,9162,"B"
4991,2503,6674,9161,"A"
4992,2504,6675,9164,"B"
4993,2504,6675,9163,"A"
4994,2505,6676,9166,"A"
4995,2505,6676,9165,"B"
4996,2506,6678,9169,"B"
4997,2506,6678,9168,"A"
4998,2507,6679,9171,"A"
4999,2507,6679,9170,"B"
5000,2508,6680,9173,"B"
5001,2508,6680,9172,"A"
5002,2509,6681,9175,"B"
5003,2509,6681,9174,"A"
5004,2510,6682,9177,"A"
5005,2510,6682,9176,"B"
5006,2511,6684,9180,"B"
5007,2511,6684,9179,"A"
5008,2512,6685,9182,"B"
5009,2512,6685,9181,"A"
5010,2513,6686,9184,"B"
5011,2513,6686,9183,"A"
5012,2514,6687,9186,"B"
5013,2514,6687,9185,"A"
5014,2515,6688,9188,"A"
5015,2515,6688,9187,"B"
5016,2516,6689,9190,"B"
5017,2516,6689,9189,"A"
5018,2517,6690,9192,"A"
5019,2517,6690,9191,"B"
5020,2518,6691,9194,"A"
5021,2518,6691,9193,"B"
5022,2519,6692,9196,"A"
5023,2519,6692,9195,"B"
5024,2520,6693,9198,"B"
5025,2520,6693,9197,"A"
5026,2521,6694,9200,"A"
5027,2521,6694,9199,"B"
5028,2522,6695,9202,"B"
5029,2522,6695,9201,"A"
5030,2523,6696,9204,"B"
5031,2523,6696,9203,"A"
5032,2524,6697,9206,"A"
5033,2524,6697,9205,"B"
5036,2526,6699,9210,"A"
5037,2526,6699,9209,"B"
5038,2527,6700,9212,"B"
5039,2527,6700,9211,"A"
5040,2528,6701,9214,"A"
5041,2528,6701,9213,"B"
5044,2530,6703,9218,"A"
5045,2530,6703,9217,"B"
5046,2531,6704,9220,"A"
5047,2531,6704,9219,"B"
5050,2533,6706,9224,"A"
5051,2533,6706,9223,"B"
5052,2534,6707,9226,"B"
5053,2534,6707,9225,"A"
5054,2535,6708,9228,"B"
5055,2535,6708,9227,"A"
5056,2536,6709,9230,"A"
5057,2536,6709,9229,"B"
5058,2537,6710,9232,"B"
5059,2537,6710,9231,"A"
5060,2538,6711,9234,"B"
5061,2538,6711,9233,"A"
5062,2539,6712,9236,"A"
5063,2539,6712,9235,"B"
5064,2540,6713,9238,"B"
5065,2540,6713,9237,"A"
5066,2541,6714,9240,"A"
5067,2541,6714,9239,"B"
5068,2542,6715,9242,"A"
5069,2542,6715,9241,"B"
5070,2543,6716,9244,"A"
5071,2543,6716,9243,"B"
5072,2544,6717,9246,"B"
5073,2544,6717,9245,"A"
5074,2545,6718,9248,"B"
5075,2545,6718,9247,"A"
5076,2546,6719,9250,"A"
5077,2546,6719,9249,"B"
5078,2547,6720,9252,"A"
5079,2547,6720,9251,"B"
5080,2548,6721,9254,"B"
5081,2548,6721,9253,"A"
5082,2549,6722,9256,"A"
5083,2549,6722,9255,"B"
5084,2550,6723,9258,"B"
5085,2550,6723,9257,"A"
5086,2551,6724,9260,"B"
5087,2551,6724,9259,"A"
5088,2552,6725,9262,"A"
5089,2552,6725,9261,"B"
5090,2553,6726,9264,"B"
5091,2553,6726,9263,"A"
5092,2554,6727,9266,"B"
5093,2554,6727,9265,"A"
5094,2555,6728,9268,"A"
5095,2555,6728,9267,"B"
5096,2556,6729,9270,"A"
5097,2556,6729,9269,"B"
5098,2557,6730,9272,"A"
5099,2557,6730,9271,"B"
5100,2558,6731,9274,"B"
5101,2558,6731,9273,"A"
5102,2559,6732,9276,"B"
5103,2559,6732,9275,"A"
5104,2560,6733,9278,"B"
5105,2560,6733,9277,"A"
5106,2561,6734,9280,"B"
5107,2561,6734,9279,"A"
5108,2562,6735,9282,"B"
5109,2562,6735,9281,"A"
5110,2563,6736,9284,"B"
5111,2563,6736,9283,"A"
5112,2564,6737,9286,"B"
5113,2564,6737,9285,"A"
5114,2565,6738,9288,"B"
5115,2565,6738,9287,"A"
5116,2566,6739,9290,"B"
5117,2566,6739,9289,"A"
5118,2567,6740,9292,"A"
5119,2567,6740,9291,"B"
5120,2568,6741,9294,"B"
5121,2568,6741,9293,"A"
5122,2569,6742,9296,"A"
5123,2569,6742,9295,"B"
5124,2570,6743,9298,"B"
5125,2570,6743,9297,"A"
5126,2571,6744,9300,"B"
5127,2571,6744,9299,"A"
5128,2572,6745,9302,"B"
5129,2572,6745,9301,"A"
5132,2574,6747,9306,"A"
5133,2574,6747,9305,"B"
5134,2575,6748,9308,"B"
5135,2575,6748,9307,"A"
5136,2576,6749,9310,"A"
5137,2576,6749,9309,"B"
5140,2578,6751,9314,"B"
5141,2578,6751,9313,"A"
5144,2580,6753,9318,"A"
5145,2580,6753,9317,"B"
5146,2581,6754,9320,"B"
5147,2581,6754,9319,"A"
5148,2582,6755,9322,"A"
5149,2582,6755,9321,"B"
5150,2583,6756,9324,"B"
5151,2583,6756,9323,"A"
5152,2584,6757,9326,"A"
5153,2584,6757,9325,"B"
5154,2585,6758,9328,"A"
5155,2585,6758,9327,"B"
5156,2586,6759,9330,"B"
5157,2586,6759,9329,"A"
5158,2587,6760,9332,"A"
5159,2587,6760,9331,"B"
5160,2588,6761,9334,"B"
5161,2588,6761,9333,"A"
5162,2589,6762,9336,"A"
5163,2589,6762,9335,"B"
5164,2590,6763,9338,"B"
5165,2590,6763,9337,"A"
5166,2591,6764,9340,"B"
5167,2591,6764,9339,"A"
5168,2592,6765,9342,"A"
5169,2592,6765,9341,"B"
5170,2593,6766,9344,"B"
5171,2593,6766,9343,"A"
5172,2594,6767,9346,"A"
5173,2594,6767,9345,"B"
5174,2595,6768,9348,"B"
5175,2595,6768,9347,"A"
5176,2596,6769,9350,"A"
5177,2596,6769,9349,"B"
5178,2597,6770,9352,"A"
5179,2597,6770,9351,"B"
5180,2598,6771,9354,"A"
5181,2598,6771,9353,"B"
5182,2599,6772,9356,"A"
5183,2599,6772,9355,"B"
5184,2600,6773,9358,"B"
5185,2600,6773,9357,"A"
5186,2601,6774,9360,"B"
5187,2601,6774,9359,"A"
5188,2602,6775,9362,"A"
5189,2602,6775,9361,"B"
5190,2603,6776,9364,"A"
5191,2603,6776,9363,"B"
5192,2604,6777,9366,"A"
5193,2604,6777,9365,"B"
5194,2605,6778,9368,"B"
5195,2605,6778,9367,"A"
5196,2606,6779,9370,"B"
5197,2606,6779,9369,"A"
5198,2607,6780,9372,"A"
5199,2607,6780,9371,"B"
5200,2608,6781,9374,"A"
5201,2608,6781,9373,"B"
5202,2609,6782,9376,"B"
5203,2609,6782,9375,"A"
5204,2610,6783,9378,"A"
5205,2610,6783,9377,"B"
5206,2611,6784,9380,"A"
5207,2611,6784,9379,"B"
5208,2612,6785,9382,"A"
5209,2612,6785,9381,"B"
5210,2613,6786,9384,"A"
5211,2613,6786,9383,"B"
5212,2614,6787,9386,"A"
5213,2614,6787,9385,"B"
5214,2615,6788,9388,"B"
5215,2615,6788,9387,"A"
5216,2616,6789,9390,"A"
5217,2616,6789,9389,"B"
5218,2617,6790,9392,"B"
5219,2617,6790,9391,"A"
5222,2619,6792,9396,"A"
5223,2619,6792,9395,"B"
5224,2620,6793,9398,"A"
5225,2620,6793,9397,"B"
5226,2621,6794,9400,"A"
5227,2621,6794,9399,"B"
5230,2623,6796,9404,"A"
5231,2623,6796,9403,"B"
5232,2624,6797,9406,"B"
5233,2624,6797,9405,"A"
5234,2625,6798,9408,"A"
5235,2625,6798,9407,"B"
5236,2626,6799,9410,"A"
5237,2626,6799,9409,"B"
5238,2627,6800,9412,"B"
5239,2627,6800,9411,"A"
5240,2628,6801,9414,"B"
5241,2628,6801,9413,"A"
5242,2629,6802,9416,"A"
5243,2629,6802,9415,"B"
5244,2630,6803,9418,"B"
5245,2630,6803,9417,"A"
5246,2631,6804,9420,"A"
5247,2631,6804,9419,"B"
5248,2632,6805,9422,"B"
5249,2632,6805,9421,"A"
5250,2633,6806,9424,"A"
5251,2633,6806,9423,"B"
5252,2634,6807,9426,"A"
5253,2634,6807,9425,"B"
5254,2635,6808,9428,"B"
5255,2635,6808,9427,"A"
5256,2636,6809,9430,"B"
5257,2636,6809,9429,"A"
5258,2637,6810,9432,"A"
5259,2637,6810,9431,"B"
5260,2638,6811,9434,"A"
5261,2638,6811,9433,"B"
5262,2639,6812,9436,"B"
5263,2639,6812,9435,"A"
5264,2640,6813,9438,"A"
5265,2640,6813,9437,"B"
5266,2641,6814,9440,"B"
5267,2641,6814,9439,"A"
5268,2642,6815,9442,"A"
5269,2642,6815,9441,"B"
5270,2643,6816,9444,"B"
5271,2643,6816,9443,"A"
5272,2644,6817,9446,"A"
5273,2644,6817,9445,"B"
5274,2645,6818,9448,"B"
5275,2645,6818,9447,"A"
5276,2646,6819,9450,"B"
5277,2646,6819,9449,"A"
5278,2647,6820,9452,"A"
5279,2647,6820,9451,"B"
5280,2648,6821,9454,"A"
5281,2648,6821,9453,"B"
5282,2649,6822,9456,"A"
5283,2649,6822,9455,"B"
5284,2650,6823,9458,"B"
5285,2650,6823,9457,"A"
5286,2651,6824,9460,"A"
5287,2651,6824,9459,"B"
5288,2652,6825,9462,"B"
5289,2652,6825,9461,"A"
5290,2653,6826,9464,"A"
5291,2653,6826,9463,"B"
5292,2654,6827,9466,"B"
5293,2654,6827,9465,"A"
5294,2655,6828,9468,"B"
5295,2655,6828,9467,"A"
5296,2656,6829,9470,"B"
5297,2656,6829,9469,"A"
5298,2657,6830,9472,"B"
5299,2657,6830,9471,"A"
5300,2658,6831,9474,"A"
5301,2658,6831,9473,"B"
5302,2659,6832,9476,"B"
5303,2659,6832,9475,"A"
5304,2660,6833,9478,"A"
5305,2660,6833,9477,"B"
5306,2661,6834,9480,"B"
5307,2661,6834,9479,"A"
5308,2662,6835,9482,"B"
5309,2662,6835,9481,"A"
5310,2663,6836,9484,"B"
5311,2663,6836,9483,"A"
5312,2664,6837,9486,"A"
5313,2664,6837,9485,"B"
5314,2665,6838,9488,"B"
5315,2665,6838,9487,"A"
5316,2666,6839,9490,"B"
5317,2666,6839,9489,"A"
5318,2667,6840,9492,"B"
5319,2667,6840,9491,"A"
5320,2668,6841,9494,"B"
5321,2668,6841,9493,"A"
5322,2669,6842,9496,"B"
5323,2669,6842,9495,"A"
5324,2670,6843,9498,"B"
5325,2670,6843,9497,"A"
5326,2671,6844,9500,"A"
5327,2671,6844,9499,"B"
5328,2672,6845,9502,"B"
5329,2672,6845,9501,"A"
5330,2673,6846,9504,"B"
5331,2673,6846,9503,"A"
5332,2674,6847,9506,"A"
5333,2674,6847,9505,"B"
5334,2675,6848,9508,"B"
5335,2675,6848,9507,"A"
5336,2676,6849,9510,"A"
5337,2676,6849,9509,"B"
5338,2677,6850,9512,"A"
5339,2677,6850,9511,"B"
5340,2678,6851,9514,"A"
5341,2678,6851,9513,"B"
5342,2679,6852,9516,"A"
5343,2679,6852,9515,"B"
5344,2680,6853,9518,"A"
5345,2680,6853,9517,"B"
5346,2681,6854,9520,"B"
5347,2681,6854,9519,"A"
5348,2682,6855,9522,"B"
5349,2682,6855,9521,"A"
5350,2683,6856,9524,"A"
5351,2683,6856,9523,"B"
5352,2684,6857,9526,"B"
5353,2684,6857,9525,"A"
5354,2685,6858,9528,"B"
5355,2685,6858,9527,"A"
5356,2686,6859,9530,"A"
5357,2686,6859,9529,"B"
5358,2687,6860,9532,"B"
5359,2687,6860,9531,"A"
5360,2688,6861,9534,"A"
5361,2688,6861,9533,"B"
5362,2689,6862,9536,"A"
5363,2689,6862,9535,"B"
5364,2690,6863,9538,"B"
5365,2690,6863,9537,"A"
5366,2691,6864,9540,"A"
5367,2691,6864,9539,"B"
5368,2692,6865,9542,"A"
5369,2692,6865,9541,"B"
5370,2693,6866,9544,"B"
5371,2693,6866,9543,"A"
5374,2695,6868,9548,"A"
5375,2695,6868,9547,"B"
5376,2696,6869,9550,"B"
5377,2696,6869,9549,"A"
5378,2697,6870,9552,"A"
5379,2697,6870,9551,"B"
5380,2698,6871,9554,"A"
5381,2698,6871,9553,"B"
5382,2699,6872,9556,"A"
5383,2699,6872,9555,"B"
5384,2700,6873,9558,"A"
5385,2700,6873,9557,"B"
5386,2701,6874,9560,"B"
5387,2701,6874,9559,"A"
5388,2702,6875,9562,"A"
5389,2702,6875,9561,"B"
5390,2703,6876,9564,"A"
5391,2703,6876,9563,"B"
5392,2704,6877,9566,"A"
5393,2704,6877,9565,"B"
5394,2705,6878,9568,"B"
5395,2705,6878,9567,"A"
5396,2706,6879,9570,"B"
5397,2706,6879,9569,"A"
5398,2707,6880,9572,"A"
5399,2707,6880,9571,"B"
5400,2708,6881,9574,"B"
5401,2708,6881,9573,"A"
5402,2709,6882,9576,"A"
5403,2709,6882,9575,"B"
5404,2710,6883,9578,"A"
5405,2710,6883,9577,"B"
5406,2711,6884,9580,"B"
5407,2711,6884,9579,"A"
5410,2713,6886,9584,"B"
5411,2713,6886,9583,"A"
5412,2714,6887,9586,"A"
5413,2714,6887,9585,"B"
5414,2715,6888,9588,"B"
5415,2715,6888,9587,"A"
5416,2716,6889,9590,"B"
5417,2716,6889,9589,"A"
5418,2717,6890,9592,"A"
5419,2717,6890,9591,"B"
5420,2718,6891,9594,"A"
5421,2718,6891,9593,"B"
5424,2720,6893,9598,"A"
5425,2720,6893,9597,"B"
5426,2721,6894,9600,"B"
5427,2721,6894,9599,"A"
5430,2723,6896,9604,"B"
5431,2723,6896,9603,"A"
5432,2724,6897,9606,"B"
5433,2724,6897,9605,"A"
5434,2725,6898,9608,"A"
5435,2725,6898,9607,"B"
5436,2726,6899,9610,"A"
5437,2726,6899,9609,"B"
5438,2727,6900,9612,"B"
5439,2727,6900,9611,"A"
5440,2728,6901,9614,"A"
5441,2728,6901,9613,"B"
5442,2729,6902,9616,"A"
5443,2729,6902,9615,"B"
5444,2730,6903,9618,"A"
5445,2730,6903,9617,"B"
5446,2731,6904,9620,"B"
5447,2731,6904,9619,"A"
5448,2732,6905,9622,"A"
5449,2732,6905,9621,"B"
5450,2733,6906,9624,"B"
5451,2733,6906,9623,"A"
5452,2734,6907,9626,"A"
5453,2734,6907,9625,"B"
5454,2735,6908,9628,"A"
5455,2735,6908,9627,"B"
5456,2736,6909,9630,"B"
5457,2736,6909,9629,"A"
5458,2737,6910,9632,"A"
5459,2737,6910,9631,"B"
5460,2738,6911,9634,"B"
5461,2738,6911,9633,"A"
5464,2740,6913,9638,"B"
5465,2740,6913,9637,"A"
5466,2741,6914,9640,"B"
5467,2741,6914,9639,"A"
5468,2742,6915,9642,"A"
5469,2742,6915,9641,"B"
5470,2743,6916,9644,"A"
5471,2743,6916,9643,"B"
5472,2744,6917,9646,"A"
5473,2744,6917,9645,"B"
5474,2745,6918,9648,"A"
5475,2745,6918,9647,"B"
5476,2746,6919,9650,"B"
5477,2746,6919,9649,"A"
5478,2747,6920,9652,"A"
5479,2747,6920,9651,"B"
5480,2748,6921,9654,"A"
5481,2748,6921,9653,"B"
5482,2749,6922,9656,"B"
5483,2749,6922,9655,"A"
5484,2750,6923,9658,"B"
5485,2750,6923,9657,"A"
5486,2751,6924,9660,"A"
5487,2751,6924,9659,"B"
5488,2752,6925,9662,"B"
5489,2752,6925,9661,"A"
5490,2753,6926,9664,"B"
5491,2753,6926,9663,"A"
5492,2754,6927,9666,"B"
5493,2754,6927,9665,"A"
5494,2755,6928,9668,"A"
5495,2755,6928,9667,"B"
5496,2756,6929,9670,"A"
5497,2756,6929,9669,"B"
5498,2757,6930,9672,"B"
5499,2757,6930,9671,"A"
5500,2758,6931,9674,"A"
5501,2758,6931,9673,"B"
5502,2759,6932,9676,"A"
5503,2759,6932,9675,"B"
5504,2760,6933,9678,"A"
5505,2760,6933,9677,"B"
5506,2761,6934,9680,"B"
5507,2761,6934,9679,"A"
5508,2762,6935,9682,"B"
5509,2762,6935,9681,"A"
5510,2763,6936,9684,"B"
5511,2763,6936,9683,"A"
5512,2764,6937,9686,"B"
5513,2764,6937,9685,"A"
5514,2765,6938,9688,"A"
5515,2765,6938,9687,"B"
5516,2766,6939,9690,"B"
5517,2766,6939,9689,"A"
5518,2767,6940,9692,"B"
5519,2767,6940,9691,"A"
5520,2768,6941,9694,"A"
5521,2768,6941,9693,"B"
5522,2769,6942,9696,"B"
5523,2769,6942,9695,"A"
5524,2770,6943,9698,"A"
5525,2770,6943,9697,"B"
5526,2771,6944,9700,"B"
5527,2771,6944,9699,"A"
5528,2772,6945,9702,"B"
5529,2772,6945,9701,"A"
5530,2773,6946,9704,"B"
5531,2773,6946,9703,"A"
5532,2774,6947,9706,"A"
5533,2774,6947,9705,"B"
5534,2775,6948,9708,"B"
5535,2775,6948,9707,"A"
5536,2776,6949,9710,"B"
5537,2776,6949,9709,"A"
5538,2777,6950,9712,"B"
5539,2777,6950,9711,"A"
5540,2778,6951,9714,"B"
5541,2778,6951,9713,"A"
5542,2779,6952,9716,"A"
5543,2779,6952,9715,"B"
5544,2780,6953,9718,"B"
5545,2780,6953,9717,"A"
5546,2781,6954,9720,"A"
5547,2781,6954,9719,"B"
5548,2782,6955,9722,"B"
5549,2782,6955,9721,"A"
5550,2783,6956,9724,"B"
5551,2783,6956,9723,"A"
5552,2784,6957,9726,"B"
5553,2784,6957,9725,"A"
5554,2785,6958,9728,"B"
5555,2785,6958,9727,"A"
5556,2786,6959,9730,"B"
5557,2786,6959,9729,"A"
5558,2787,6960,9732,"B"
5559,2787,6960,9731,"A"
5560,2788,6961,9734,"B"
5561,2788,6961,9733,"A"
5562,2789,6962,9736,"A"
5563,2789,6962,9735,"B"
5564,2790,6963,9738,"B"
5565,2790,6963,9737,"A"
5566,2791,6964,9740,"B"
5567,2791,6964,9739,"A"
5570,2793,6966,9744,"A"
5571,2793,6966,9743,"B"
5572,2794,6967,9746,"A"
5573,2794,6967,9745,"B"
5574,2795,6968,9748,"A"
5575,2795,6968,9747,"B"
5576,2796,6969,9750,"B"
5577,2796,6969,9749,"A"
5578,2797,6970,9752,"B"
5579,2797,6970,9751,"A"
5580,2798,6973,9756,"B"
5581,2798,6973,9755,"A"
5582,2799,6976,9760,"A"
5583,2799,6976,9759,"B"
5584,2800,6977,9762,"A"
5585,2800,6977,9761,"B"
5586,2801,6978,9764,"B"
5587,2801,6978,9763,"A"
5588,2802,6979,9766,"A"
5589,2802,6979,9765,"B"
5590,2803,6980,9768,"B"
5591,2803,6980,9767,"A"
5592,2804,6981,9770,"B"
5593,2804,6981,9769,"A"
5594,2805,6982,9772,"A"
5595,2805,6982,9771,"B"
5596,2806,6983,9774,"B"
5597,2806,6983,9773,"A"
5598,2807,6984,9776,"B"
5599,2807,6984,9775,"A"
5602,2809,6986,9780,"A"
5603,2809,6986,9779,"B"
5604,2810,6987,9782,"A"
5605,2810,6987,9781,"B"
5608,2812,6989,9786,"B"
5609,2812,6989,9785,"A"
5610,2813,6990,9788,"B"
5611,2813,6990,9787,"A"
5612,2814,6991,9790,"B"
5613,2814,6991,9789,"A"
5614,2815,6992,9792,"B"
5615,2815,6992,9791,"A"
5630,2823,7005,9811,"A"
5631,2823,7005,9810,"B"
5632,2824,7006,9813,"A"
5633,2824,7006,9812,"B"
5634,2825,7007,9815,"B"
5635,2825,7007,9814,"A"
5636,2826,7008,9817,"A"
5637,2826,7008,9816,"B"
5638,2827,7009,9819,"A"
5639,2827,7009,9818,"B"
5640,2828,7010,9821,"A"
5641,2828,7010,9820,"B"
5642,2829,7011,9823,"B"
5643,2829,7011,9822,"A"
5644,2830,7012,9825,"B"
5645,2830,7012,9824,"A"
5646,2831,7013,9827,"B"
5647,2831,7013,9826,"A"
5648,2832,7014,9829,"B"
5649,2832,7014,9828,"A"
5652,2834,7016,9833,"B"
5653,2834,7016,9832,"A"
5654,2835,7017,9835,"B"
5655,2835,7017,9834,"A"
5656,2836,7018,9837,"B"
5657,2836,7018,9836,"A"
5660,2838,7020,9841,"B"
5661,2838,7020,9840,"A"
5662,2839,7021,9843,"B"
5663,2839,7021,9842,"A"
5664,2840,7022,9845,"B"
5665,2840,7022,9844,"A"
5666,2841,7023,9847,"B"
5667,2841,7023,9846,"A"
5668,2842,7024,9849,"A"
5669,2842,7024,9848,"B"
5670,2843,7025,9851,"B"
5671,2843,7025,9850,"A"
5674,2845,7027,9855,"B"
5675,2845,7027,9854,"A"
5676,2846,7028,9857,"A"
5677,2846,7028,9856,"B"
5678,2847,7029,9859,"B"
5679,2847,7029,9858,"A"
5680,2848,7030,9861,"B"
5681,2848,7030,9860,"A"
5682,2849,7031,9863,"B"
5683,2849,7031,9862,"A"
5684,2850,7032,9865,"B"
5685,2850,7032,9864,"A"
5686,2851,7033,9867,"B"
5687,2851,7033,9866,"A"
5688,2852,7034,9869,"B"
5689,2852,7034,9868,"A"
5690,2853,7035,9871,"B"
5691,2853,7035,9870,"A"
5694,2855,7037,9875,"A"
5695,2855,7037,9874,"B"
5696,2856,7038,9877,"B"
5697,2856,7038,9876,"A"
5698,2857,7039,9879,"B"
5699,2857,7039,9878,"A"
5700,2858,7040,9881,"B"
5701,2858,7040,9880,"A"
5702,2859,7041,9883,"A"
5703,2859,7041,9882,"B"
5704,2860,7042,9885,"A"
5705,2860,7042,9884,"B"
5706,2861,7043,9887,"B"
5707,2861,7043,9886,"A"
5708,2862,7044,9889,"A"
5709,2862,7044,9888,"B"
5710,2863,7045,9891,"A"
5711,2863,7045,9890,"B"
5712,2864,7046,9893,"B"
5713,2864,7046,9892,"A"
5714,2865,7047,9895,"B"
5715,2865,7047,9894,"A"
5716,2866,7048,9897,"A"
5717,2866,7048,9896,"B"
5718,2867,7049,9899,"B"
5719,2867,7049,9898,"A"
5720,2868,7050,9901,"B"
5721,2868,7050,9900,"A"
5722,2869,7051,9903,"A"
5723,2869,7051,9902,"B"
5724,2870,7052,9905,"A"
5725,2870,7052,9904,"B"
5726,2871,7053,9907,"A"
5727,2871,7053,9906,"B"
5728,2872,7054,9909,"B"
5729,2872,7054,9908,"A"
5730,2873,7055,9911,"B"
5731,2873,7055,9910,"A"
5732,2874,7056,9913,"B"
5733,2874,7056,9912,"A"
5734,2875,7057,9915,"B"
5735,2875,7057,9914,"A"
5736,2876,7058,9917,"B"
5737,2876,7058,9916,"A"
5738,2877,7059,9919,"A"
5739,2877,7059,9918,"B"
5740,2878,7060,9921,"B"
5741,2878,7060,9920,"A"
5742,2879,7061,9923,"B"
5743,2879,7061,9922,"A"
5744,2880,7062,9925,"A"
5745,2880,7062,9924,"B"
5746,2881,7063,9927,"B"
5747,2881,7063,9926,"A"
5748,2882,7064,9929,"A"
5749,2882,7064,9928,"B"
5750,2883,7065,9931,"B"
5751,2883,7065,9930,"A"
5752,2884,7066,9933,"A"
5753,2884,7066,9932,"B"
5754,2885,7067,9935,"A"
5755,2885,7067,9934,"B"
5756,2886,7068,9937,"A"
5757,2886,7068,9936,"B"
5758,2887,7069,9939,"B"
5759,2887,7069,9938,"A"
5760,2888,7070,9941,"A"
5761,2888,7070,9940,"B"
5762,2889,7071,9943,"A"
5763,2889,7071,9942,"B"
5766,2891,7073,9947,"A"
5767,2891,7073,9946,"B"
5768,2892,7074,9949,"A"
5769,2892,7074,9948,"B"
5770,2893,7075,9951,"A"
5771,2893,7075,9950,"B"
5772,2894,7076,9953,"B"
5773,2894,7076,9952,"A"
5774,2895,7077,9955,"A"
5775,2895,7077,9954,"B"
5776,2896,7078,9957,"B"
5777,2896,7078,9956,"A"
5778,2897,7079,9959,"A"
5779,2897,7079,9958,"B"
5780,2898,7080,9961,"A"
5781,2898,7080,9960,"B"
5782,2899,7081,9963,"A"
5783,2899,7081,9962,"B"
5784,2900,7082,9965,"B"
5785,2900,7082,9964,"A"
5786,2901,7083,9967,"B"
5787,2901,7083,9966,"A"
5788,2902,7084,9969,"A"
5789,2902,7084,9968,"B"
5790,2903,7085,9971,"B"
5791,2903,7085,9970,"A"
5792,2904,7086,9973,"A"
5793,2904,7086,9972,"B"
5794,2905,7087,9975,"B"
5795,2905,7087,9974,"A"
5796,2906,7088,9977,"A"
5797,2906,7088,9976,"B"
5798,2907,7089,9979,"A"
5799,2907,7089,9978,"B"
5800,2908,7090,9981,"A"
5801,2908,7090,9980,"B"
5802,2909,7091,9983,"A"
5803,2909,7091,9982,"B"
5804,2910,7092,9985,"A"
5805,2910,7092,9984,"B"
5806,2911,7093,9987,"B"
5807,2911,7093,9986,"A"
5808,2912,7094,9989,"A"
5809,2912,7094,9988,"B"
5810,2913,7095,9991,"A"
5811,2913,7095,9990,"B"
5812,2914,7096,9993,"A"
5813,2914,7096,9992,"B"
5814,2915,7097,9995,"B"
5815,2915,7097,9994,"A"
5816,2916,7098,9997,"B"
5817,2916,7098,9996,"A"
5818,2917,7099,9999,"B"
5819,2917,7099,9998,"A"
5820,2918,7100,10001,"B"
5821,2918,7100,10000,"A"
5822,2919,7101,10003,"B"
5823,2919,7101,10002,"A"
5824,2920,7102,10005,"B"
5825,2920,7102,10004,"A"
5826,2921,7103,10007,"A"
5827,2921,7103,10006,"B"
5828,2922,7104,10009,"A"
5829,2922,7104,10008,"B"
5830,2923,7105,10011,"B"
5831,2923,7105,10010,"A"
5832,2924,7106,10013,"A"
5833,2924,7106,10012,"B"
5836,2926,7108,10017,"B"
5837,2926,7108,10016,"A"
5838,2927,7109,10019,"A"
5839,2927,7109,10018,"B"
5840,2928,7110,10021,"B"
5841,2928,7110,10020,"A"
5842,2929,7111,10023,"B"
5843,2929,7111,10022,"A"
5844,2930,7112,10025,"A"
5845,2930,7112,10024,"B"
5846,2931,7113,10027,"A"
5847,2931,7113,10026,"B"
5848,2932,7114,10029,"B"
5849,2932,7114,10028,"A"
5850,2933,7115,10031,"B"
5851,2933,7115,10030,"A"
5852,2934,7116,10033,"A"
5853,2934,7116,10032,"B"
5854,2935,7117,10035,"A"
5855,2935,7117,10034,"B"
5856,2936,7118,10037,"B"
5857,2936,7118,10036,"A"
5858,2937,7119,10039,"A"
5859,2937,7119,10038,"B"
5860,2938,7120,10041,"A"
5861,2938,7120,10040,"B"
5862,2939,7121,10043,"B"
5863,2939,7121,10042,"A"
5864,2940,7122,10045,"A"
5865,2940,7122,10044,"B"
5866,2941,7123,10047,"A"
5867,2941,7123,10046,"B"
5868,2942,7124,10049,"B"
5869,2942,7124,10048,"A"
5870,2943,7125,10051,"B"
5871,2943,7125,10050,"A"
5872,2944,7126,10053,"A"
5873,2944,7126,10052,"B"
5874,2945,7127,10055,"A"
5875,2945,7127,10054,"B"
5876,2946,7128,10057,"B"
5877,2946,7128,10056,"A"
5878,2947,7129,10059,"A"
5879,2947,7129,10058,"B"
5880,2948,7130,10061,"B"
5881,2948,7130,10060,"A"
5882,2949,7131,10063,"B"
5883,2949,7131,10062,"A"
5884,2950,7132,10065,"A"
5885,2950,7132,10064,"B"
5886,2951,7133,10067,"B"
5887,2951,7133,10066,"A"
5888,2952,7134,10069,"B"
5889,2952,7134,10068,"A"
5890,2953,7135,10071,"B"
5891,2953,7135,10070,"A"
5892,2954,7136,10073,"A"
5893,2954,7136,10072,"B"
5894,2955,7137,10075,"B"
5895,2955,7137,10074,"A"
5896,2956,7138,10077,"B"
5897,2956,7138,10076,"A"
5900,2958,7140,10081,"A"
5901,2958,7140,10080,"B"
5902,2959,7141,10083,"B"
5903,2959,7141,10082,"A"
5904,2960,7142,10085,"B"
5905,2960,7142,10084,"A"
5906,2961,7143,10087,"A"
5907,2961,7143,10086,"B"
5908,2962,7144,10089,"A"
5909,2962,7144,10088,"B"
5910,2963,7145,10091,"B"
5911,2963,7145,10090,"A"
5914,2965,7147,10095,"A"
5915,2965,7147,10094,"B"
5916,2966,7148,10097,"B"
5917,2966,7148,10096,"A"
5918,2967,7149,10099,"A"
5919,2967,7149,10098,"B"
5920,2968,7150,10101,"B"
5921,2968,7150,10100,"A"
5922,2969,7151,10103,"B"
5923,2969,7151,10102,"A"
5924,2970,7152,10105,"B"
5925,2970,7152,10104,"A"
5926,2971,7153,10107,"A"
5927,2971,7153,10106,"B"
5928,2972,7154,10109,"B"
5929,2972,7154,10108,"A"
5930,2973,7155,10111,"A"
5931,2973,7155,10110,"B"
5932,2974,7156,10113,"B"
5933,2974,7156,10112,"A"
5934,2975,7157,10115,"A"
5935,2975,7157,10114,"B"
5936,2976,7158,10117,"B"
5937,2976,7158,10116,"A"
5938,2977,7159,10119,"A"
5939,2977,7159,10118,"B"
5940,2978,7160,10121,"A"
5941,2978,7160,10120,"B"
5942,2979,7161,10123,"A"
5943,2979,7161,10122,"B"
5944,2980,7162,10125,"A"
5945,2980,7162,10124,"B"
5946,2981,7163,10127,"A"
5947,2981,7163,10126,"B"
5948,2982,7164,10129,"A"
5949,2982,7164,10128,"B"
5950,2983,7165,10131,"A"
5951,2983,7165,10130,"B"
5952,2984,7166,10133,"B"
5953,2984,7166,10132,"A"
5954,2985,7167,10135,"B"
5955,2985,7167,10134,"A"
5956,2986,7168,10137,"A"
5957,2986,7168,10136,"B"
5958,2987,7169,10139,"A"
5959,2987,7169,10138,"B"
5960,2988,7170,10141,"B"
5961,2988,7170,10140,"A"
5962,2989,7171,10143,"B"
5963,2989,7171,10142,"A"
5964,2990,7172,10145,"A"
5965,2990,7172,10144,"B"
5966,2991,7173,10147,"B"
5967,2991,7173,10146,"A"
5968,2992,7174,10149,"A"
5969,2992,7174,10148,"B"
5970,2993,7175,10151,"B"
5971,2993,7175,10150,"A"
5972,2994,7176,10153,"B"
5973,2994,7176,10152,"A"
5974,2995,7177,10155,"A"
5975,2995,7177,10154,"B"
5976,2996,7178,10157,"B"
5977,2996,7178,10156,"A"
5980,2998,7180,10161,"A"
5981,2998,7180,10160,"B"
5982,2999,7181,10163,"B"
5983,2999,7181,10162,"A"
5986,3001,7183,10167,"B"
5987,3001,7183,10166,"A"
5988,3002,7184,10169,"A"
5989,3002,7184,10168,"B"
5990,3003,7185,10171,"A"
5991,3003,7185,10170,"B"
5992,3004,7186,10173,"B"
5993,3004,7186,10172,"A"
5994,3005,7187,10175,"A"
5995,3005,7187,10174,"B"
5996,3006,7188,10177,"A"
5997,3006,7188,10176,"B"
5998,3007,7189,10179,"A"
5999,3007,7189,10178,"B"
6000,3008,7190,10181,"B"
6001,3008,7190,10180,"A"
6002,3009,7191,10183,"B"
6003,3009,7191,10182,"A"
6004,3010,7192,10185,"A"
6005,3010,7192,10184,"B"
6006,3011,7193,10187,"A"
6007,3011,7193,10186,"B"
6008,3012,7194,10189,"A"
6009,3012,7194,10188,"B"
6010,3013,7195,10191,"A"
6011,3013,7195,10190,"B"
6012,3014,7196,10193,"A"
6013,3014,7196,10192,"B"
6014,3015,7197,10195,"B"
6015,3015,7197,10194,"A"
6016,3016,7198,10197,"B"
6017,3016,7198,10196,"A"
6020,3018,7200,10201,"A"
6021,3018,7200,10200,"B"
6022,3019,7201,10203,"A"
6023,3019,7201,10202,"B"
6024,3020,7202,10205,"B"
6025,3020,7202,10204,"A"
6026,3021,7203,10207,"B"
6027,3021,7203,10206,"A"
6028,3022,7204,10209,"B"
6029,3022,7204,10208,"A"
6030,3023,7205,10211,"A"
6031,3023,7205,10210,"B"
6032,3024,7206,10213,"B"
6033,3024,7206,10212,"A"
6034,3025,7208,10216,"A"
6035,3025,7208,10215,"B"
6036,3026,7210,10219,"B"
6037,3026,7210,10218,"A"
6038,3027,7213,10223,"A"
6039,3027,7213,10222,"B"
6040,3028,7216,10227,"A"
6041,3028,7216,10226,"B"
6042,3029,7219,10231,"B"
6043,3029,7219,10230,"A"
6044,3030,7222,10235,"A"
6045,3030,7222,10234,"B"
6046,3031,7225,10239,"A"
6047,3031,7225,10238,"B"
6048,3032,7229,10244,"A"
6049,3032,7229,10243,"B"
6050,3033,7231,10247,"B"
6051,3033,7231,10246,"A"
6052,3034,7234,10251,"B"
6053,3034,7234,10250,"A"
6054,3035,7238,10256,"B"
6055,3035,7238,10255,"A"
6056,3036,7240,10259,"A"
6057,3036,7240,10258,"B"
6058,3037,7244,10264,"B"
6059,3037,7244,10263,"A"
6060,3038,7246,10267,"A"
6061,3038,7246,10266,"B"
6062,3039,7250,10272,"B"
6063,3039,7250,10271,"A"
6064,3040,7251,10274,"A"
6065,3040,7251,10273,"B"
6066,3041,7252,10276,"B"
6067,3041,7252,10275,"A"
6068,3042,7253,10278,"B"
6069,3042,7253,10277,"A"
6070,3043,7254,10280,"A"
6071,3043,7254,10279,"B"
6072,3044,7255,10282,"A"
6073,3044,7255,10281,"B"
6074,3045,7256,10284,"A"
6075,3045,7256,10283,"B"
6076,3046,7257,10286,"A"
6077,3046,7257,10285,"B"
6078,3047,7258,10288,"B"
6079,3047,7258,10287,"A"
6080,3048,7259,10290,"B"
6081,3048,7259,10289,"A"
6082,3049,7260,10292,"A"
6083,3049,7260,10291,"B"
6084,3050,7261,10294,"A"
6085,3050,7261,10293,"B"
6086,3051,7262,10296,"A"
6087,3051,7262,10295,"B"
6088,3052,7263,10298,"B"
6089,3052,7263,10297,"A"
6090,3053,7264,10300,"A"
6091,3053,7264,10299,"B"
6092,3054,7265,10302,"A"
6093,3054,7265,10301,"B"
6094,3055,7266,10304,"A"
6095,3055,7266,10303,"B"
6096,3056,7267,10306,"B"
6097,3056,7267,10305,"A"
6098,3057,7268,10308,"B"
6099,3057,7268,10307,"A"
6100,3058,7269,10310,"A"
6101,3058,7269,10309,"B"
6102,3059,7270,10312,"B"
6103,3059,7270,10311,"A"
6104,3060,7271,10314,"A"
6105,3060,7271,10313,"B"
6106,3061,7272,10316,"A"
6107,3061,7272,10315,"B"
6108,3062,7273,10318,"A"
6109,3062,7273,10317,"B"
6110,3063,7274,10320,"A"
6111,3063,7274,10319,"B"
6112,3064,7275,10322,"A"
6113,3064,7275,10321,"B"
6114,3065,7276,10324,"A"
6115,3065,7276,10323,"B"
6116,3066,7277,10326,"B"
6117,3066,7277,10325,"A"
6118,3067,7278,10328,"A"
6119,3067,7278,10327,"B"
6120,3068,7279,10330,"B"
6121,3068,7279,10329,"A"
6122,3069,7280,10332,"A"
6123,3069,7280,10331,"B"
6124,3070,7281,10334,"A"
6125,3070,7281,10333,"B"
6126,3071,7282,10336,"A"
6127,3071,7282,10335,"B"
6128,3072,7283,10338,"A"
6129,3072,7283,10337,"B"
6130,3073,7284,10340,"B"
6131,3073,7284,10339,"A"
6132,3074,7285,10342,"B"
6133,3074,7285,10341,"A"
6134,3075,7286,10344,"A"
6135,3075,7286,10343,"B"
6136,3076,7287,10346,"A"
6137,3076,7287,10345,"B"
6138,3077,7288,10348,"B"
6139,3077,7288,10347,"A"
6140,3078,7289,10350,"A"
6141,3078,7289,10349,"B"
6142,3079,7290,10352,"A"
6143,3079,7290,10351,"B"
6144,3080,7291,10354,"B"
6145,3080,7291,10353,"A"
6146,3081,7292,10356,"A"
6147,3081,7292,10355,"B"
6148,3082,7293,10358,"A"
6149,3082,7293,10357,"B"
6150,3083,7294,10360,"A"
6151,3083,7294,10359,"B"
6152,3084,7295,10362,"B"
6153,3084,7295,10361,"A"
6154,3085,7296,10364,"A"
6155,3085,7296,10363,"B"
6156,3086,7297,10366,"B"
6157,3086,7297,10365,"A"
6158,3087,7298,10368,"B"
6159,3087,7298,10367,"A"
6160,3088,7299,10370,"A"
6161,3088,7299,10369,"B"
6162,3089,7300,10372,"B"
6163,3089,7300,10371,"A"
