"id","user_id","lobby_wait_id"
1700,2907,11112
1701,2905,11114
1702,2845,11116
1703,2912,11117
1704,2911,11119
1705,2845,11123
1706,2906,11122
1707,2918,11126
1708,2907,11128
1709,2736,11130
1710,2912,11132
1713,2923,11138
1714,2907,11141
1715,2920,11142
1716,2912,11144
1717,2911,11149
1718,2923,11150
1719,2906,11154
1720,2911,11153
1721,2778,11156
1722,2845,11159
1725,2778,11165
1726,2905,11163
1727,2927,11167
1729,2736,11171
1730,2911,11172
1731,2906,11175
1732,2927,11178
1733,2907,11180
1735,2920,11184
1736,2927,11185
1737,2736,11187
1738,2912,11188
1739,2906,11189
1740,2920,11193
1741,2927,11198
1742,2845,11199
1743,2905,11202
1744,2778,11200
1745,2923,11206
1746,2736,11208
1747,2918,11209
1748,2778,11207
1750,2905,11210
1751,2843,11226
1752,2847,11228
1754,2930,11230
1755,2941,11234
1756,2934,11235
1757,2930,11238
1758,2777,11239
1759,2847,11241
1760,2834,11244
1761,2931,11246
1762,2930,11245
1763,2847,11250
1764,2931,11253
1765,2843,11254
1766,2777,11256
1767,2930,11258
1768,2941,11261
1769,2777,11262
1770,2847,11265
1771,2934,11264
1772,2931,11268
1773,2834,11269
1774,2941,11267
1775,2834,11275
1776,2777,11277
1777,2634,11289
1778,2742,11291
1779,2992,11292
1780,2996,11294
1781,2630,11297
1782,2665,11299
1783,2748,11301
1784,2742,11302
1785,2631,11305
1786,2634,11306
1787,2996,11309
1788,2665,11311
1790,2628,11315
1791,2742,11316
1792,2662,11317
1793,3001,11320
1794,2630,11323
1795,2748,11325
1796,3001,11328
1797,3007,11329
1798,2634,11332
1799,2662,11333
1800,2996,11334
1801,2998,11336
1803,2992,11341
1804,2765,11344
1805,2665,11345
1806,2996,11347
1807,2630,11349
1808,2662,11350
1809,3013,11353
1810,2765,11354
1811,2998,11358
1812,2628,11359
1813,3007,11362
1814,2630,11364
1815,2742,11365
1816,2998,11369
1817,2748,11368
1818,3013,11371
1819,2631,11372
1820,2628,11377
1821,3001,11376
1822,2662,11381
1823,2726,11383
1824,2748,11382
1825,2765,11384
1826,2992,11386
1827,2998,11388
1828,2765,11391
1829,2628,11392
1830,2992,11395
1831,3001,11398
1832,2634,11399
1833,2665,11400
1834,3007,11402
1835,2631,11407
1836,3013,11406
1837,2655,11411
1838,2726,11412
1839,3007,11414
1840,2726,11416
1841,2655,11418
1842,2726,11420
1843,3013,11422
1844,2776,11425
1845,2655,11426
1846,3022,11431
1847,2773,11432
1848,2776,11434
1849,3022,11436
1850,2861,11438
1851,2725,11440
1852,3023,11441
1853,2773,11445
1854,2655,11444
1855,3031,11447
1856,3031,11450
1857,2861,11452
1858,3023,11453
1859,3019,11458
1860,3031,11459
1861,2861,11460
1862,2776,11461
1863,3023,11465
1864,3022,11466
1865,3019,11467
1866,3031,11473
1867,2776,11474
1868,2773,11477
1869,3022,11476
1870,3019,11478
1871,3038,11483
1872,2725,11482
1873,3038,11486
1874,3023,11487
1875,2861,11490
1876,2725,11492
1877,2773,11495
1878,3019,11498
1879,3038,11499
1881,2850,11516
1882,3065,11517
1883,3064,11519
1884,3066,11523
1885,3065,11522
1886,3068,11525
1887,3012,11527
1888,3066,11531
1889,3064,11529
1890,2850,11532
1891,3068,11537
1892,3064,11538
1893,3073,11540
1894,2850,11539
1895,3012,11546
1896,3079,11549
1897,2850,11545
1898,3068,11551
1899,3066,11548
1900,3079,11555
1901,3073,11558
1902,3066,11557
1903,3073,11561
1904,3079,11564
1905,3073,11566
1907,3112,11587
1909,3120,11592
1910,3122,11594
1911,3127,11596
1912,3132,11597
1913,2660,11600
1914,3141,11602
1915,3134,11603
1916,3116,11607
1917,3122,11608
1918,2816,11611
1919,3127,11610
1920,3133,11615
1921,3128,11614
1922,3112,11619
1923,3140,11618
1924,2816,11624
1925,3126,11625
1926,2734,11623
1927,3134,11627
1928,2660,11629
1929,3141,11632
1930,2734,11633
1931,3116,11635
1932,3120,11638
1933,2734,11640
1934,3134,11643
1935,3126,11642
1936,3132,11645
1937,3127,11648
1938,3128,11650
1939,3127,11653
1940,2660,11654
1941,3132,11655
1942,3140,11657
1943,2816,11660
1944,3133,11662
1945,2660,11664
1946,3122,11665
1947,3120,11667
1948,3128,11671
1949,3132,11672
1950,2734,11673
1952,3141,11677
1953,3120,11678
1954,3112,11680
1955,3134,11686
1956,3122,11684
1957,3126,11688
1958,3140,11692
1959,3133,11694
1960,3116,11690
1961,3112,11696
1962,3116,11697
1963,3141,11698
1964,3145,11704
1965,3126,11705
1966,3140,11707
1967,2816,11708
1968,3133,11711
1969,3145,11715
1970,3155,11720
1971,3165,11728
1973,3165,11732
1974,3183,11734
1975,3182,11738
1977,3184,11741
1979,3182,11744
1980,3058,11745
1982,3100,11751
1983,3058,11752
1984,3083,11756
1985,3184,11753
1986,3165,11758
1987,3058,11761
1990,3182,11767
1991,3184,11768
1992,3083,11770
1993,3187,11775
1994,3183,11774
1995,3185,11776
1996,3100,11782
1997,3186,11783
1998,3183,11784
1999,3185,11787
2000,3186,11789
2001,3182,11786
2002,3083,11788
2003,3058,11795
2004,3185,11801
2005,3186,11796
2006,3186,11805
2007,3252,11815
2008,3253,11816
2009,3109,11818
2010,3261,11821
2011,3156,11823
2012,3265,11825
2013,2805,11826
2014,3267,11830
2015,2805,11829
2016,3256,11833
2017,3156,11835
2018,3265,11836
2019,3252,11837
2020,3255,11840
2021,3109,11843
2022,3267,11844
2023,3255,11845
2024,2805,11848
2025,3261,11850
2026,3255,11853
2027,3252,11854
2028,3265,11856
2029,3256,11859
2030,3156,11861
2031,3264,11863
2032,3265,11865
2033,3253,11866
2034,2805,11869
2035,3264,11871
2036,3264,11875
2037,3255,11872
2038,3253,11877
2039,3261,11880
2040,3267,11882
2041,3109,11883
2042,3156,11887
2043,3253,11888
2044,3256,11886
2045,3267,11889
2046,3264,11893
2047,3109,11895
2050,3309,11912
2051,3085,11917
2052,3047,11918
2053,3329,11920
2054,3155,11923
2055,3178,11924
2056,3333,11927
2058,3328,11931
2059,3178,11932
2060,3085,11933
2061,3041,11937
2062,3328,11938
2063,3308,11940
2064,3341,11943
2065,3333,11945
2066,3307,11946
2067,3322,11950
2068,3329,11951
2069,3178,11954
2070,3335,11953
2071,3339,11956
2072,3337,11959
2073,3041,11960
2074,3333,11964
2075,3327,11963
2076,3322,11967
2077,3085,11966
2078,3329,11970
2079,3328,11973
2080,3335,11975
2081,3307,11976
2082,3341,11980
2083,3339,11981
2084,3155,11984
2085,3341,11983
2086,3304,11989
2087,3322,11990
2088,3047,11988
2089,3337,11993
2090,3178,11995
2091,3339,11997
2092,3085,11998
2093,3304,12002
2094,3327,12003
2095,3337,12005
2096,3333,12006
2097,3328,12009
2098,3341,12010
2099,3047,12011
2100,3307,12015
2101,3339,12017
2102,3329,12018
2103,3327,12022
2104,3308,12023
2105,3304,12026
2106,3343,12027
2107,3304,12028
2108,3155,12029
2109,3322,12033
2110,3335,12034
2111,3308,12035
2112,3307,12040
2113,3337,12042
2114,3041,12043
2115,3335,12046
2116,3047,12047
2118,3308,12051
2119,3041,12054
2120,3327,12057
2121,3343,12060
2122,3343,12061
2123,3310,12063
2124,3310,12064
2125,3343,12065
2126,3350,12069
2128,3209,12072
2129,3350,12074
2130,3358,12077
2131,3310,12078
2132,3347,12080
2133,3355,12083
2134,3298,12085
2135,3358,12086
2136,3209,12089
2137,3361,12091
2138,3347,12092
2139,3352,12095
2140,3359,12097
2141,3310,12096
2142,3284,12100
2143,3298,12102
2144,3349,12104
2145,3358,12106
2146,3361,12109
2147,3347,12108
2148,3350,12112
2149,3361,12116
2150,3359,12117
2151,3298,12119
2152,3209,12118
2153,3209,12124
2154,3352,12123
2155,3284,12129
2156,3355,12130
2157,3359,12131
2158,3350,12133
2159,3358,12136
2160,3349,12134
2161,3347,12142
2162,3298,12140
2163,3361,12144
2165,3349,12146
2166,3352,12151
2167,3284,12152
2168,3355,12156
2169,3284,12153
2170,3390,12168
2171,3390,12170
2172,3399,12176
2173,3432,12182
2175,3370,12185
2176,3172,12189
2177,3363,12190
2179,3436,12193
2180,3370,12195
2181,3160,12198
2182,3434,12199
2183,3172,12200
2184,3443,12204
2185,3444,12205
2186,3431,12209
2187,3436,12208
2188,3432,12211
2189,3398,12213
2190,3370,12216
2191,2448,12218
2192,3443,12219
2193,3432,12223
2194,3441,12222
2195,3431,12225
2196,3444,12228
2197,2448,12229
2198,3448,12232
2199,3443,12233
2200,3160,12234
2202,3370,12241
2203,3431,12240
2204,3441,12244
2205,3436,12246
2207,3448,12252
2209,2448,12256
2210,3444,12258
2211,3398,12260
2212,3363,12261
2213,3172,12265
2214,2448,12266
2215,3434,12264
2216,3431,12270
2217,3363,12275
2218,3432,12276
2219,3398,12273
2220,3160,12274
2221,3436,12279
2222,3160,12284
2223,3172,12280
2224,3363,12288
2225,3441,12285
2226,3398,12291
2228,3444,12295
2230,3448,12303
2231,3443,12307
2232,3441,12306
5062,3611,15721
5067,3631,15726
5071,3625,15730
5073,3636,15732
5081,3634,15740
5082,3635,15741
6565,3643,17243
6568,3611,17246
6570,3608,17248
6573,3660,17251
6575,3661,17253
6576,3662,17254
6577,3664,17255
6584,3643,17260
6588,3670,17262
6590,3671,17263
6597,3608,17268
6599,3675,17273
6601,3679,17277
6602,3664,17278
6604,3666,17282
6605,3681,17284
6607,3643,17288
6608,3679,17292
6609,3659,17291
6610,3671,17294
6611,3681,17296
6612,3683,17299
6614,3684,17302
6615,3658,17304
6616,3673,17307
6617,3611,17308
6618,3664,17311
6619,3661,17312
6620,3687,17314
6621,3665,17316
6622,3690,17319
6623,3694,17322
6624,3692,17323
6625,3688,17325
6626,3687,17327
6627,3678,17329
6629,3672,17333
6630,3658,17334
6631,3670,17336
6632,3682,17338
6633,3675,17340
6634,3690,17342
6635,3684,17345
6636,3662,17347
6637,3586,17349
6638,3688,17351
6639,3683,17352
6640,3687,17354
6641,3672,17357
6642,3679,17359
6643,3689,17362
6644,3661,17360
6645,3611,17364
6646,3676,17366
6647,3697,17369
6648,3675,17371
6649,3643,17372
6650,3660,17375
6651,3694,17377
6652,3686,17378
6653,3683,17381
6654,3676,17383
6655,3658,17382
6656,3681,17388
6657,3669,17387
6658,3682,17390
6659,3693,17393
6660,3679,17394
6661,3668,17397
6662,3678,17398
6663,3672,17401
6664,3670,17404
6665,3673,17403
6666,3608,17405
6667,3697,17408
6668,3658,17410
6669,3662,17413
6670,3690,17416
6671,3675,17415
6672,3664,17419
6673,3665,17421
6674,3694,17422
6675,3689,17424
6676,3688,17426
6678,3662,17428
6679,3695,17431
6680,3687,17432
6681,3698,17434
6682,3670,17437
6684,3682,17436
6685,3666,17440
6686,3669,17442
6687,3586,17447
6688,3690,17445
6689,3688,17449
6690,3700,17451
6691,3699,17454
6692,3672,17453
6693,3666,17457
6694,3676,17459
6695,3693,17462
6696,3677,17463
6697,3678,17464
6699,3668,17468
6700,3673,17471
6701,3697,17472
6703,3682,17476
6704,3659,17477
6706,3693,17481
6707,3689,17485
6708,3665,17487
6709,3660,17488
6710,3586,17491
6711,3702,17494
6712,3695,17493
6713,3700,17497
6714,3677,17498
6715,3673,17501
6716,3676,17503
6717,3698,17504
6718,3703,17507
6719,3702,17509
6720,3668,17511
6721,3608,17513
6722,3684,17515
6723,3693,17516
6724,3671,17518
6725,3659,17520
6726,3666,17523
6727,3702,17526
6728,3696,17527
6729,3699,17528
6730,3661,17533
6731,3703,17534
6732,3586,17536
6733,3695,17538
6734,3704,17541
6735,3700,17544
6736,3669,17547
6737,3689,17546
6738,3707,17549
6739,3683,17551
6740,3668,17553
6741,3703,17556
6742,3660,17557
6743,3708,17560
6744,3684,17561
6745,3708,17565
6747,3704,17569
6748,3708,17571
6749,3696,17572
6751,3678,17576
6753,3703,17581
6754,3699,17584
6755,3705,17585
6756,3702,17586
6757,3669,17587
6758,3704,17592
6759,3712,17593
6760,3659,17596
6761,3686,17597
6762,3698,17599
6763,3705,17602
6764,3716,17603
6765,3700,17604
6766,3714,17606
6767,3695,17608
6768,3696,17609
6769,3697,17611
6770,3665,17612
6771,3713,17616
6772,3686,17619
6773,3704,17620
6774,3719,17625
6775,3716,17626
6776,3706,17628
6777,3699,17629
6778,3712,17630
6779,3721,17633
6780,3722,17634
6781,3698,17636
6782,3723,17640
6783,3716,17641
6784,3724,17642
6785,3715,17644
6786,3722,17647
6787,3727,17648
6788,3717,17650
6789,3677,17653
6790,3686,17656
6792,3707,17659
6793,3705,17662
6794,3716,17664
6796,3718,17669
6797,3724,17672
6798,3696,17674
6799,3713,17675
6800,3728,17676
6801,3694,17677
6802,3712,17680
6803,3721,17683
6804,3714,17686
6805,3705,17685
6806,3722,17690
6807,3727,17689
6808,3677,17692
6809,3719,17695
6810,3714,17697
6811,3706,17698
6812,3717,17700
6813,3733,17704
6814,3708,17705
6815,3729,17708
6816,3714,17707
6817,3719,17710
6818,3718,17715
6819,3713,17717
6820,3728,17720
6821,3712,17721
6822,3730,17722
6823,3725,17725
6824,3715,17727
6825,3706,17730
6826,3726,17733
6827,3727,17734
6828,3706,17735
6829,3731,17738
6830,3729,17739
6831,3724,17740
6832,3725,17745
6833,3720,17746
6834,3718,17749
6835,3715,17751
6836,3721,17752
6837,3731,17756
6838,3727,17757
6839,3719,17760
6840,3723,17758
6841,3725,17763
6842,3731,17765
6843,3729,17767
6844,3733,17769
6845,3726,17773
6846,3720,17772
6847,3725,17774
6848,3707,17778
6849,3717,17779
6850,3721,17781
6851,3731,17785
6852,3722,17786
6853,3724,17787
6854,3723,17788
6855,3728,17791
6856,3720,17793
6857,3713,17794
6858,3715,17797
6859,3707,17798
6860,3733,17802
6861,3718,17803
6862,3729,17806
6863,3723,17811
6864,3692,17813
6865,3720,17815
6866,3726,17816
6868,3717,17818
6869,3733,17823
6870,3734,17825
6871,3726,17826
6872,3728,17827
6873,3730,17829
6874,3735,17831
6875,3734,17835
6876,3692,17837
6877,3730,17840
6878,3735,17843
6879,3692,17844
6880,3734,17846
6881,3735,17847
6882,3735,17852
6883,3739,17853
6884,3740,17854
6886,3748,17859
6887,3752,17860
6888,3750,17863
6889,3738,17864
6890,3734,17867
6891,3749,17869
6893,3748,17872
6894,3745,17873
6896,3755,17879
6897,3741,17880
6898,3738,17882
6899,3740,17886
6900,3745,17887
6901,3752,17888
6902,3751,17890
6903,3757,17892
6904,3758,17895
6905,3730,17897
6906,3755,17898
6907,3755,17902
6908,3752,17901
6909,3750,17906
6910,3748,17907
6911,3758,17908
6913,3739,17914
6914,3755,17915
6915,3752,17919
6916,3751,17917
6917,3762,17922
6918,3756,17925
6919,3741,17924
6920,3738,17928
6921,3739,17931
6922,3746,17932
6923,3740,17933
6924,3750,17936
6925,3748,17938
6926,3763,17940
6927,3751,17944
6928,3739,17943
6929,3759,17947
6930,3745,17949
6931,3746,17950
6932,3757,17951
6933,3740,17955
6934,3741,17957
6935,3750,17958
6936,3744,17960
6937,3757,17966
6938,3745,17968
6939,3738,17969
6940,3762,17970
6941,3756,17971
6942,3751,17972
6943,3741,17975
6944,3757,17976
6945,3744,17978
6946,3758,17981
6947,3759,17984
6948,3744,17985
6949,3763,17987
6950,3758,17988
6951,3762,17991
6952,3756,17993
6953,3746,17994
6954,3744,17999
6955,3763,18000
6956,3759,18001
6957,3762,18003
6958,3746,18005
6959,3763,18009
6960,3759,18008
6961,3766,18015
6962,3756,18017
6963,3766,18019
6964,3766,18022
6966,3770,18030
6967,3771,18031
6968,3772,18033
6969,3780,18036
6970,3769,18037
6973,3778,18042
6976,3775,18043
6977,3784,18045
6978,3776,18048
6979,3768,18049
6980,3777,18051
6981,3780,18052
6982,3767,18054
6983,3771,18056
6984,3788,18058
6986,3783,18064
6987,3778,18063
6989,3776,18068
6990,3785,18070
6991,3781,18073
6992,3778,18075
7005,3798,18089
7006,3792,18091
7007,3794,18094
7008,3791,18096
7009,3793,18098
7010,3795,18100
7011,3796,18101
7012,3768,18104
7013,3806,18106
7014,3775,18109
7016,3784,18112
7017,3771,18115
7018,3781,18116
7020,3798,18119
7021,3805,18122
7022,3786,18124
7023,3767,18125
7024,3791,18126
7025,3795,18129
7027,3799,18134
7028,3785,18135
7029,3769,18138
7030,3777,18139
7031,3789,18140
7032,3772,18143
7033,3768,18145
7034,3776,18147
7035,3793,18149
7037,3768,18154
7038,3802,18156
7039,3801,18157
7040,3773,18159
7041,3783,18161
7042,3784,18163
7043,3795,18167
7044,3797,18166
7045,3788,18169
7046,3778,18171
7047,3806,18173
7048,3798,18175
7049,3800,18177
7050,3777,18181
7051,3774,18180
7052,3770,18184
7053,3790,18186
7054,3785,18187
7055,3799,18190
7056,3792,18193
7057,3774,18192
7058,3801,18195
7059,3787,18197
7060,3802,18200
7061,3797,18201
7062,3803,18202
7063,3791,18205
7064,3804,18207
7065,3773,18210
7066,3792,18212
7067,3769,18213
7068,3798,18215
7069,3772,18216
7070,3775,18219
7071,3774,18221
7073,3780,18227
7074,3770,18226
7075,3794,18230
7076,3807,18231
7077,3805,18234
7078,3799,18237
7079,3785,18236
7080,3790,18240
7081,3771,18243
7082,3796,18242
7083,3776,18245
7084,3767,18247
7085,3787,18250
7086,3801,18251
7087,3781,18254
7088,3795,18256
7089,3772,18257
7090,3788,18258
7091,3783,18261
7092,3773,18263
7093,3791,18266
7094,3775,18267
7095,3803,18270
7096,3767,18274
7097,3780,18272
7098,3790,18276
7099,3786,18279
7100,3797,18282
7101,3792,18283
7102,3777,18285
7103,3805,18286
7104,3787,18289
7105,3796,18290
7106,3802,18293
7108,3774,18297
7109,3770,18298
7110,3806,18301
7111,3769,18302
7112,3797,18303
7113,3803,18307
7114,3784,18304
7115,3788,18311
7116,3789,18313
7117,3790,18315
7118,3809,18316
7119,3805,18319
7120,3786,18318
7121,3804,18320
7122,3787,18325
7123,3773,18322
7124,3793,18327
7125,3794,18330
7126,3803,18332
7127,3783,18333
7128,3800,18336
7129,3802,18337
7130,3804,18339
7131,3807,18342
7132,3801,18347
7133,3809,18348
7134,3794,18349
7135,3796,18351
7136,3781,18352
7137,3786,18353
7138,3807,18356
7140,3793,18362
7141,3804,18363
7142,3799,18367
7143,3789,18369
7144,3807,18370
7145,3800,18371
7147,3806,18373
7148,3800,18377
7149,3837,18406
7150,3838,18408
7151,3841,18410
7152,3834,18411
7153,3851,18413
7154,3852,18415
7155,3844,18418
7156,3855,18420
7157,3859,18421
7158,3835,18424
7159,3849,18427
7160,3836,18428
7161,3838,18429
7162,3858,18431
7163,3852,18433
7164,3857,18436
7165,3853,18438
7166,3844,18439
7167,3848,18441
7168,3856,18444
7169,3860,18446
7170,3847,18447
7171,3839,18450
7172,3840,18451
7173,3841,18453
7174,3837,18456
7175,3846,18458
7176,3834,18459
7177,3832,18462
7178,3844,18464
7180,3848,18467
7181,3841,18469
7183,3839,18473
7184,3855,18475
7185,3849,18477
7186,3832,18480
7187,3854,18483
7188,3834,18482
7189,3858,18485
7190,3833,18488
7191,3845,18489
7192,3841,18490
7193,3840,18494
7194,3836,18495
7195,3837,18496
7196,3856,18500
7197,3859,18503
7198,3857,18504
7200,3839,18508
7201,3853,18509
7202,3856,18513
7203,3855,18512
7204,3845,18516
7205,3851,18518
7206,3833,18520
7208,3843,18524
7210,3835,18525
7213,3852,18527
7216,3840,18529
7219,3832,18530
7222,3846,18533
7225,3861,18535
7229,3844,18538
7231,3856,18537
7234,3857,18541
7238,3854,18543
7240,3852,18545
7244,3839,18546
7246,3835,18547
7250,3845,18550
7251,3851,18551
7252,3858,18554
7253,3855,18557
7254,3843,18560
7255,3836,18561
7256,3842,18563
7257,3835,18564
7258,3846,18568
7259,3859,18567
7260,3847,18570
7261,3837,18573
7262,3853,18576
7263,3860,18574
7264,3848,18577
7265,3854,18579
7266,3832,18581
7267,3842,18584
7268,3833,18587
7269,3849,18588
7270,3858,18589
7271,3834,18592
7272,3845,18593
7273,3853,18594
7274,3836,18601
7275,3854,18602
7276,3848,18604
7277,3850,18606
7278,3860,18607
7279,3842,18611
7280,3859,18614
7281,3857,18616
7282,3842,18617
7283,3833,18618
7284,3860,18624
7285,3843,18621
7286,3861,18629
7287,3850,18630
7288,3851,18631
7289,3840,18634
7290,3850,18638
7291,3849,18636
7292,3843,18640
7293,3846,18643
7294,3864,18645
7295,3847,18648
7296,3850,18649
7297,3864,18654
7298,3847,18655
7299,3864,18659
7300,3866,18662
